"number_of_rows","row","prop_cases_stephensi","message","likelihood","mu0","Q0","chi","bites_Bed","bites_Indoors","delayMos","data_model_difference_1","data_model_difference_2","data_model_difference_3","data_model_difference_4","data_model_difference_5","data_model_difference_6","data_model_difference_7","data_model_difference_8","data_model_difference_9","data_model_difference_10","year1","year2","year3","year4","year5","year6","year7","year8","year9","year10"
200,100,1,"ERROR: ABNORMAL_TERMINATION_IN_LNSRCH",103.291310485746,0.149348073204338,0.363235314106569,0.401272979465721,0.467068192605969,0.492243650648671,10,-1052.11975215565,-164.927688941438,-29.1294370287644,-960.171194141069,-15650.6746946942,-20604.5043066114,-104210.243178265,-192168.928023273,-54346.9305312503,-24282.1284260556,1.09570426298362,0.00099999999999989,0.638214578525746,8.07170226962968,3.73135856031282,3.55853195668372,3.12324776528346,4.66850481514794,3.58005749270922,3.36763719775625
