"number_of_rows","row","prop_cases_stephensi","message","likelihood","mu0","Q0","chi","bites_Bed","bites_Indoors","delayMos","data_model_difference_1","data_model_difference_2","data_model_difference_3","data_model_difference_4","data_model_difference_5","data_model_difference_6","data_model_difference_7","data_model_difference_8","data_model_difference_9","data_model_difference_10","year1","year2","year3","year4","year5","year6","year7","year8","year9","year10"
200,101,1,"CONVERGENCE: REL_REDUCTION_OF_F <= FACTR*EPSMCH",92.958140749955,0.135512842279431,0.16953298202157,0.496971297192504,0.457940827680825,0.580052964548051,10,-593.576472619321,-41.1777823135458,-6.53735429701455,-458.435746575336,-677.46941090325,-18144.5206001481,-5386.50545067004,-13727.0655534297,-22962.1788631338,-25270.1255339529,0.100987035028859,0.0995923136385559,0.102161746323223,36.7987738864903,14.2011570666847,7.60088320763501,7.10059481325946,6.85070525963753,7.35008697728412,7.85001904944871
