"number_of_rows","row","prop_cases_stephensi","message","likelihood","mu0","Q0","chi","bites_Bed","bites_Indoors","delayMos","data_model_difference_1","data_model_difference_2","data_model_difference_3","data_model_difference_4","data_model_difference_5","data_model_difference_6","data_model_difference_7","data_model_difference_8","data_model_difference_9","data_model_difference_10","year1","year2","year3","year4","year5","year6","year7","year8","year9","year10"
200,103,1,"CONVERGENCE: REL_REDUCTION_OF_F <= FACTR*EPSMCH",95.1707995206976,0.11041515939851,0.370075888566673,0.609492491621058,0.590018981274198,0.449794761872903,10,-2394.30581004633,-409.985300161433,-84.3180423271369,2379.79630490536,28537.9211027836,31650.2698316601,39061.4552504422,6317.10563851671,20204.5539043958,27540.8411436341,0.00370694902808366,0.00370694902808366,0.00370694902808366,3.35494966181082,2.49888080144733,1.22047146854297,3.09992552885137,3.25058480300792,1.04254756161811,1.3640191469277
