"number_of_rows","row","prop_cases_stephensi","message","likelihood","mu0","Q0","chi","bites_Bed","bites_Indoors","delayMos","data_model_difference_1","data_model_difference_2","data_model_difference_3","data_model_difference_4","data_model_difference_5","data_model_difference_6","data_model_difference_7","data_model_difference_8","data_model_difference_9","data_model_difference_10","year1","year2","year3","year4","year5","year6","year7","year8","year9","year10"
200,104,1,"CONVERGENCE: REL_REDUCTION_OF_F <= FACTR*EPSMCH",93.834571265567,0.134930246195531,0.355928696233896,0.511922478967463,0.443951000365114,0.633175017102475,10,-1371.16649265203,-211.258292943778,-38.5408191019742,1296.43537576568,29541.1153999282,23061.6972154837,29305.7585541001,18922.7175408495,4670.07174555471,25426.4686034764,0.00877250910432317,0.00864426510257781,0.00903703977711461,7.73536474144399,3.04806104335118,3.67601216024413,3.41488366296295,2.89119308546003,3.42170369907418,1.52283608850505
