"number_of_rows","row","prop_cases_stephensi","message","likelihood","mu0","Q0","chi","bites_Bed","bites_Indoors","delayMos","data_model_difference_1","data_model_difference_2","data_model_difference_3","data_model_difference_4","data_model_difference_5","data_model_difference_6","data_model_difference_7","data_model_difference_8","data_model_difference_9","data_model_difference_10","year1","year2","year3","year4","year5","year6","year7","year8","year9","year10"
200,107,1,"CONVERGENCE: REL_REDUCTION_OF_F <= FACTR*EPSMCH",89.0007762756707,0.151084696402005,0.172813427077723,0.613717530380236,0.37261592371814,0.448498883139612,10,-412.890849581777,-32.2744921744955,-5.0783209950917,222.02440881441,6041.05658931241,-6.10543928100378,1259.64940308864,-259.332719382604,-2745.53810668418,-15830.7837958173,0.035986451269794,0.001,0.0312037585568147,47.6358107464686,21.4533916555544,7.58896950452452,14.3501294312258,6.98118301342606,7.41459731213558,11.4728218025308
