"number_of_rows","row","prop_cases_stephensi","message","likelihood","mu0","Q0","chi","bites_Bed","bites_Indoors","delayMos","data_model_difference_1","data_model_difference_2","data_model_difference_3","data_model_difference_4","data_model_difference_5","data_model_difference_6","data_model_difference_7","data_model_difference_8","data_model_difference_9","data_model_difference_10","year1","year2","year3","year4","year5","year6","year7","year8","year9","year10"
200,108,1,"CONVERGENCE: REL_REDUCTION_OF_F <= FACTR*EPSMCH",139.177617923876,0.106169711493994,0.255947721466073,0.50079552664829,0.37380007481697,0.477669436310096,10,-1612.22717045038,-185.382273973451,-33.1649939702739,-1902.70542725796,-33370.1107669758,-38348.9184088609,-138968.510493241,-54180.8928181448,-20904.8094338982,-18068.6294712816,30.0538481284988,30.0543756332578,30.0547899626356,35.3204106604229,32.2578367985693,30.2547169463175,32.3228686323283,30.0557833738551,30.0898623766898,30.4219266599597
