"number_of_rows","row","prop_cases_stephensi","message","likelihood","mu0","Q0","chi","bites_Bed","bites_Indoors","delayMos","data_model_difference_1","data_model_difference_2","data_model_difference_3","data_model_difference_4","data_model_difference_5","data_model_difference_6","data_model_difference_7","data_model_difference_8","data_model_difference_9","data_model_difference_10","year1","year2","year3","year4","year5","year6","year7","year8","year9","year10"
200,109,1,"CONVERGENCE: REL_REDUCTION_OF_F <= FACTR*EPSMCH",90.0542279538988,0.139402235928575,0.353784068070585,0.560221997991612,0.38460597902872,0.501190367948955,10,-1240.56441469562,-189.670764627184,-34.0968404548053,1933.17120386599,7969.48836057598,-11951.4644390432,11929.4368648025,12345.6003372935,2561.52399365415,-7866.41356878572,0.001,0.001,0.00122372907337815,7.85485938618667,6.81015932528365,0.167883327211651,3.13944423286849,2.820712990823,3.4791333487604,0.672821437791925
