"number_of_rows","row","prop_cases_stephensi","message","likelihood","mu0","Q0","chi","bites_Bed","bites_Indoors","delayMos","data_model_difference_1","data_model_difference_2","data_model_difference_3","data_model_difference_4","data_model_difference_5","data_model_difference_6","data_model_difference_7","data_model_difference_8","data_model_difference_9","data_model_difference_10","year1","year2","year3","year4","year5","year6","year7","year8","year9","year10"
200,10,1,"CONVERGENCE: REL_REDUCTION_OF_F <= FACTR*EPSMCH",94.3012372265646,0.133148968721862,0.301273844511714,0.544218206523801,0.512830413160709,0.393891451270123,10,-1125.45325257825,-149.183461066228,-26.0120299979893,432.574086342252,3954.23180062789,-1572.95518794112,-59580.8402057197,-23248.8764507005,-107711.663587433,-51802.3241547309,0.001,0.00256980522630011,0.0349614923858932,11.7318640696467,7.29190243201608,2.44602124462294,5.82942804473185,6.5777338334475,4.86530628210811,2.41591738511738
