"number_of_rows","row","prop_cases_stephensi","message","likelihood","mu0","Q0","chi","bites_Bed","bites_Indoors","delayMos","data_model_difference_1","data_model_difference_2","data_model_difference_3","data_model_difference_4","data_model_difference_5","data_model_difference_6","data_model_difference_7","data_model_difference_8","data_model_difference_9","data_model_difference_10","year1","year2","year3","year4","year5","year6","year7","year8","year9","year10"
200,110,1,"CONVERGENCE: REL_REDUCTION_OF_F <= FACTR*EPSMCH",94.9385876332912,0.134699030893603,0.320317512506619,0.564781033204927,0.527722710622504,0.559218056545635,10,-1184.25755776563,-166.140518432649,-29.3374113922302,-846.689070679494,-14640.7378475019,-20233.2519600033,-103116.626570522,-191887.681473989,-54824.9415131221,-24394.6063465641,0.001,0.001,1.43291595594213,8.6365602876071,2.74179001871479,1.48852290433063,3.26004272198239,2.92211814082795,1.96467268760983,3.42576807806229
