"number_of_rows","row","prop_cases_stephensi","message","likelihood","mu0","Q0","chi","bites_Bed","bites_Indoors","delayMos","data_model_difference_1","data_model_difference_2","data_model_difference_3","data_model_difference_4","data_model_difference_5","data_model_difference_6","data_model_difference_7","data_model_difference_8","data_model_difference_9","data_model_difference_10","year1","year2","year3","year4","year5","year6","year7","year8","year9","year10"
200,114,1,"CONVERGENCE: REL_REDUCTION_OF_F <= FACTR*EPSMCH",94.1329486965515,0.132461425326715,0.181859383121133,0.448104241435358,0.557371079069185,0.615469309699983,10,-670.856578192841,-50.5392371117158,-8.09523899940346,-402.40542818823,-15314.0098986348,-14309.0540050614,-13360.8796950062,-35374.7652959764,-16022.9590031303,-3501.52066411216,0.100614742119443,0.100412137224108,0.100607807302591,29.5992900049829,14.2003407326509,4.00024571251883,7.10033694667236,6.8504013177482,3.75037915588328,4.25060231221294
