"number_of_rows","row","prop_cases_stephensi","message","likelihood","mu0","Q0","chi","bites_Bed","bites_Indoors","delayMos","data_model_difference_1","data_model_difference_2","data_model_difference_3","data_model_difference_4","data_model_difference_5","data_model_difference_6","data_model_difference_7","data_model_difference_8","data_model_difference_9","data_model_difference_10","year1","year2","year3","year4","year5","year6","year7","year8","year9","year10"
200,115,1,"CONVERGENCE: REL_REDUCTION_OF_F <= FACTR*EPSMCH",137.278601729802,0.134508294459408,0.325377646342153,0.538241204442456,0.422862521585659,0.634288422039399,10,-1215.11080739107,-172.880132893616,-30.694802546988,-1427.0466618951,-23574.0409096069,-28247.1050692801,-119888.664146744,-45436.7890700863,-16544.4393180528,-13583.2950760283,24.1435276525786,11.5767590249596,31.8455342097307,13.4951761090401,17.9511439942173,27.8687816057894,10.3380246819584,89.9861968025098,90,0.641866552892895
