"number_of_rows","row","prop_cases_stephensi","message","likelihood","mu0","Q0","chi","bites_Bed","bites_Indoors","delayMos","data_model_difference_1","data_model_difference_2","data_model_difference_3","data_model_difference_4","data_model_difference_5","data_model_difference_6","data_model_difference_7","data_model_difference_8","data_model_difference_9","data_model_difference_10","year1","year2","year3","year4","year5","year6","year7","year8","year9","year10"
200,116,1,"CONVERGENCE: REL_REDUCTION_OF_F <= FACTR*EPSMCH",98.0660166403492,0.126479000877227,0.253582564719603,0.42988902754063,0.509983485379128,0.412253529137533,10,-1047.80052347776,-116.284953605572,-19.7404062069838,-146.462728588807,-30171.3239277326,-14920.2084121951,-35760.8009782934,-94293.2661543427,-19535.8952782077,-63575.4440197488,0.667986835703645,0.001,0.766935601392505,11.5854564042604,7.36124555034566,1.5009672320691,3.91035036599444,4.11746302985501,1.94285322063279,4.34958743119601
