"number_of_rows","row","prop_cases_stephensi","message","likelihood","mu0","Q0","chi","bites_Bed","bites_Indoors","delayMos","data_model_difference_1","data_model_difference_2","data_model_difference_3","data_model_difference_4","data_model_difference_5","data_model_difference_6","data_model_difference_7","data_model_difference_8","data_model_difference_9","data_model_difference_10","year1","year2","year3","year4","year5","year6","year7","year8","year9","year10"
200,117,1,"CONVERGENCE: REL_REDUCTION_OF_F <= FACTR*EPSMCH",94.0420730942709,0.102256412192158,0.368529798037023,0.549602853826655,0.436333850863625,0.419945570125256,10,-2823.65794673286,-503.109774530547,-108.360796126958,1407.44179317324,21083.0677627261,29704.2370956339,28399.0476388419,29354.8807944469,3475.54217155513,21803.4424915708,0.00286406024291857,0.00286406024291857,0.00286406024291857,3.74738868595155,2.76077090296394,0.79452088898181,3.2933303450684,0.821957494851269,2.93575905243557,1.03302610671192
