"number_of_rows","row","prop_cases_stephensi","message","likelihood","mu0","Q0","chi","bites_Bed","bites_Indoors","delayMos","data_model_difference_1","data_model_difference_2","data_model_difference_3","data_model_difference_4","data_model_difference_5","data_model_difference_6","data_model_difference_7","data_model_difference_8","data_model_difference_9","data_model_difference_10","year1","year2","year3","year4","year5","year6","year7","year8","year9","year10"
200,11,1,"CONVERGENCE: REL_REDUCTION_OF_F <= FACTR*EPSMCH",137.983274926969,0.113614118875242,0.336631400833721,0.571630748469615,0.381750228729806,0.473891059372203,10,-1951.98834572304,-298.371542573981,-57.6048007600881,-2460.64931063482,-117145.589116312,-141023.185518331,-67017.2068010179,-56786.7354303913,-57632.1040923382,-79460.3616742461,89.8388815856309,89.7327757634962,90,37.2763423649455,35.780058337316,88.8691296296697,89.7182776122507,89.5566564805388,1.99891794310117,6.19370139966367
