"number_of_rows","row","prop_cases_stephensi","message","likelihood","mu0","Q0","chi","bites_Bed","bites_Indoors","delayMos","data_model_difference_1","data_model_difference_2","data_model_difference_3","data_model_difference_4","data_model_difference_5","data_model_difference_6","data_model_difference_7","data_model_difference_8","data_model_difference_9","data_model_difference_10","year1","year2","year3","year4","year5","year6","year7","year8","year9","year10"
200,121,1,"CONVERGENCE: REL_REDUCTION_OF_F <= FACTR*EPSMCH",104.742231968187,0.138954718493922,0.390992264888482,0.603115049484477,0.503423395136986,0.516649177455749,10,-1459.51305975944,-242.414673634393,-45.1965596498861,42.0183021398534,25348.676107724,12736.3065998623,11777.68872501,-10293.791804841,-28128.8888272726,-53824.957191607,0.315063307375261,0.00459252591104329,0.00459252591104329,7.78589763142868,2.15184152401331,3.78026407823223,6.83590543590266,27.1888064519641,30.0962613361223,14.9902060137847
