"number_of_rows","row","prop_cases_stephensi","message","likelihood","mu0","Q0","chi","bites_Bed","bites_Indoors","delayMos","data_model_difference_1","data_model_difference_2","data_model_difference_3","data_model_difference_4","data_model_difference_5","data_model_difference_6","data_model_difference_7","data_model_difference_8","data_model_difference_9","data_model_difference_10","year1","year2","year3","year4","year5","year6","year7","year8","year9","year10"
200,124,1,"CONVERGENCE: REL_REDUCTION_OF_F <= FACTR*EPSMCH",91.2217474205696,0.124804141803701,0.103720639817882,0.553344700864982,0.388989018017395,0.642944642244467,10,-587.872873496075,-18.3450576385978,-2.84638524992077,-56.9828571970352,-2058.04159012118,-7562.52111506534,-8197.16550887101,-6864.78946290466,-6603.17489122683,-1670.76392914796,0.0998120735611659,0.100343085224301,0.100253242195984,83.5993336009543,35.7996316146491,14.7998846798894,21.5002675786951,14.050134385507,14.550195028128,15.0500155580269
