"number_of_rows","row","prop_cases_stephensi","message","likelihood","mu0","Q0","chi","bites_Bed","bites_Indoors","delayMos","data_model_difference_1","data_model_difference_2","data_model_difference_3","data_model_difference_4","data_model_difference_5","data_model_difference_6","data_model_difference_7","data_model_difference_8","data_model_difference_9","data_model_difference_10","year1","year2","year3","year4","year5","year6","year7","year8","year9","year10"
200,125,1,"CONVERGENCE: REL_REDUCTION_OF_F <= FACTR*EPSMCH",89.3291556259702,0.129373121611682,0.107555099191028,0.575300177886093,0.434511161047236,0.604054728863876,10,-536.327678434171,-18.1164469959178,-2.81065926354408,17.7498023762359,-704.15930705073,-5971.99204726173,-6282.54346153046,-5496.96585596896,-5558.29177381121,-714.655724822784,0.0897340854659311,0.001,0.0759645975339175,87.2054337401961,35.8313393956498,14.8090410410545,21.4960080235213,14.141814126216,14.5908391425303,15.1466062416976
