"number_of_rows","row","prop_cases_stephensi","message","likelihood","mu0","Q0","chi","bites_Bed","bites_Indoors","delayMos","data_model_difference_1","data_model_difference_2","data_model_difference_3","data_model_difference_4","data_model_difference_5","data_model_difference_6","data_model_difference_7","data_model_difference_8","data_model_difference_9","data_model_difference_10","year1","year2","year3","year4","year5","year6","year7","year8","year9","year10"
200,128,1,"CONVERGENCE: REL_REDUCTION_OF_F <= FACTR*EPSMCH",92.3740148485592,0.147077099993391,0.314202518243343,0.375391483994899,0.391263380453613,0.590710352536435,10,-889.980194930724,-124.258949466821,-21.2377710748494,-1352.87223753328,-8.12760304394033,-75424.9697819615,-111501.246320634,-17907.6685777647,-70349.5817484944,-25373.4292660809,0.001,0.001,0.183536014123056,11.696630385598,3.64002105504865,4.11682414159276,4.04322721635039,1.66067084234436,4.0213919348925,1.33955732148822
