"number_of_rows","row","prop_cases_stephensi","message","likelihood","mu0","Q0","chi","bites_Bed","bites_Indoors","delayMos","data_model_difference_1","data_model_difference_2","data_model_difference_3","data_model_difference_4","data_model_difference_5","data_model_difference_6","data_model_difference_7","data_model_difference_8","data_model_difference_9","data_model_difference_10","year1","year2","year3","year4","year5","year6","year7","year8","year9","year10"
200,132,1,"CONVERGENCE: REL_REDUCTION_OF_F <= FACTR*EPSMCH",134.002630967724,0.123720027719805,0.372301599874976,0.501935221895401,0.441595579510333,0.505391440989149,10,-1840.17694764195,-301.439797689805,-58.3379034833766,-2923.81897004892,-129240.720561362,-147537.247241097,-69938.2110595578,-58927.4595716302,-59599.4504928773,-82112.2902181782,10.0821122493507,10.0821519545323,10.0823471979699,4.47808384941623,6.56008364403903,10.3488119366028,10.0820953819804,10.0820363114188,10.1264544473718,10.5711253956462
