"number_of_rows","row","prop_cases_stephensi","message","likelihood","mu0","Q0","chi","bites_Bed","bites_Indoors","delayMos","data_model_difference_1","data_model_difference_2","data_model_difference_3","data_model_difference_4","data_model_difference_5","data_model_difference_6","data_model_difference_7","data_model_difference_8","data_model_difference_9","data_model_difference_10","year1","year2","year3","year4","year5","year6","year7","year8","year9","year10"
200,134,1,"CONVERGENCE: REL_REDUCTION_OF_F <= FACTR*EPSMCH",138.430493643311,0.110568765888769,0.307580669483636,0.474839756276342,0.419054833275883,0.538646822312864,10,-1838.50035088978,-257.708633662313,-48.465832798845,-251.106521218479,-51905.5048742899,-88222.9807198931,-40217.0401001526,-36753.4990642731,-39550.1487312725,-56496.995527124,90,89.641710724954,89.5506250509325,89.3961203203244,89.9239644906349,89.4879255920189,89.5944822434428,90,1.31561001095133,7.19331937925456
