"number_of_rows","row","prop_cases_stephensi","message","likelihood","mu0","Q0","chi","bites_Bed","bites_Indoors","delayMos","data_model_difference_1","data_model_difference_2","data_model_difference_3","data_model_difference_4","data_model_difference_5","data_model_difference_6","data_model_difference_7","data_model_difference_8","data_model_difference_9","data_model_difference_10","year1","year2","year3","year4","year5","year6","year7","year8","year9","year10"
200,135,1,"ERROR: ABNORMAL_TERMINATION_IN_LNSRCH",92.9904915769665,0.103454301684235,0.34612344160676,0.398229314546916,0.481266011625608,0.624311115083895,10,-2509.2213904095,-413.356662248808,-85.1156677682399,2382.27210923238,28523.4082538912,31624.8010892706,39048.5722075751,6226.64761536373,20085.021762627,27535.2308149182,0.00286406024291857,0.00286406024291857,0.00286406024291857,4.36245977196191,2.78726378078924,0.842433829777268,3.15755665319097,3.04492356034596,0.967015171103245,1.01588215546754
