"number_of_rows","row","prop_cases_stephensi","message","likelihood","mu0","Q0","chi","bites_Bed","bites_Indoors","delayMos","data_model_difference_1","data_model_difference_2","data_model_difference_3","data_model_difference_4","data_model_difference_5","data_model_difference_6","data_model_difference_7","data_model_difference_8","data_model_difference_9","data_model_difference_10","year1","year2","year3","year4","year5","year6","year7","year8","year9","year10"
200,137,1,"CONVERGENCE: REL_REDUCTION_OF_F <= FACTR*EPSMCH",132.915561452968,0.0963290875470405,0.202036167082028,0.393551122209756,0.403961721511481,0.545727655425415,10,-1571.4858332577,-136.723364628074,-23.5685424130337,-1692.83184973241,-6580.62428471404,-2727.22614971544,-42165.6025633177,-110782.651157965,-30221.5042218026,-6459.26142763627,3.52814776028769,20.2735615479734,21.6824431946748,12.2547085379492,22.8745884242842,24.88236673434,20.3328153179779,19.846377717606,20.7374584263739,28.6947933305974
