"number_of_rows","row","prop_cases_stephensi","message","likelihood","mu0","Q0","chi","bites_Bed","bites_Indoors","delayMos","data_model_difference_1","data_model_difference_2","data_model_difference_3","data_model_difference_4","data_model_difference_5","data_model_difference_6","data_model_difference_7","data_model_difference_8","data_model_difference_9","data_model_difference_10","year1","year2","year3","year4","year5","year6","year7","year8","year9","year10"
200,140,1,"CONVERGENCE: REL_REDUCTION_OF_F <= FACTR*EPSMCH",91.2148738197752,0.151262684251736,0.124415023266338,0.465170319322788,0.489138190457513,0.545316471983803,10,-328.155686656316,-16.4090047112281,-2.54095281606294,-54.2702660751347,-1488.68557383865,-2483.14194243406,-7180.67025102226,-2428.31588827451,-362.343140594734,-1282.07128715076,0.101264165749911,0.101184064443481,0.101873939701169,89.9992740559588,39.4012752617959,14.7978839985297,25.0987332618495,14.0513244255887,14.5510690550748,18.6508083996982
