"number_of_rows","row","prop_cases_stephensi","message","likelihood","mu0","Q0","chi","bites_Bed","bites_Indoors","delayMos","data_model_difference_1","data_model_difference_2","data_model_difference_3","data_model_difference_4","data_model_difference_5","data_model_difference_6","data_model_difference_7","data_model_difference_8","data_model_difference_9","data_model_difference_10","year1","year2","year3","year4","year5","year6","year7","year8","year9","year10"
200,141,1,"CONVERGENCE: REL_REDUCTION_OF_F <= FACTR*EPSMCH",135.107600198749,0.117707415618202,0.373177547074971,0.458475670184125,0.57439230038711,0.466782602174215,10,-2086.65720083088,-349.408669354933,-69.5357963474466,-6309.67209584844,-13455.7741767198,-69789.0983539163,-75284.3752347041,-84659.7026943323,-92054.2073690161,-126079.650785602,89.9995394028276,90,89.9992321218489,90,89.9990524655813,90,2.04919117313327,5.9499896849673,15.5989262977545,0.650833029388066
