"number_of_rows","row","prop_cases_stephensi","message","likelihood","mu0","Q0","chi","bites_Bed","bites_Indoors","delayMos","data_model_difference_1","data_model_difference_2","data_model_difference_3","data_model_difference_4","data_model_difference_5","data_model_difference_6","data_model_difference_7","data_model_difference_8","data_model_difference_9","data_model_difference_10","year1","year2","year3","year4","year5","year6","year7","year8","year9","year10"
200,142,1,"CONVERGENCE: REL_REDUCTION_OF_F <= FACTR*EPSMCH",138.022186532881,0.128634981869035,0.39454202360916,0.518269912513497,0.376010949018679,0.480248475403349,10,-1822.49040829763,-310.914162956198,-60.523933439589,-3686.53357652468,9763.48090834538,-26011.3390964068,-40151.3816355201,-60207.0489833309,-73009.6562547953,-105058.120849003,13.2808026600035,12.103882544504,9.47069061030814,4.55855799238046,3.62032150386049,28.9301737044239,30.0592522081079,30.0597248326908,30.0929948263269,30.4263791116709
