"number_of_rows","row","prop_cases_stephensi","message","likelihood","mu0","Q0","chi","bites_Bed","bites_Indoors","delayMos","data_model_difference_1","data_model_difference_2","data_model_difference_3","data_model_difference_4","data_model_difference_5","data_model_difference_6","data_model_difference_7","data_model_difference_8","data_model_difference_9","data_model_difference_10","year1","year2","year3","year4","year5","year6","year7","year8","year9","year10"
200,143,1,"CONVERGENCE: REL_REDUCTION_OF_F <= FACTR*EPSMCH",138.762681332749,0.0975791253825091,0.280392363581806,0.382217239209567,0.518906142330233,0.555905333233435,10,-2147.13321860556,-284.457208698298,-54.3520965829151,-1233.29173534801,-82375.2359736609,-117649.87821256,-55894.6582432898,-48589.2882259799,-50214.3523222964,-69765.8381062718,55.8726824145989,90,52.9490063849245,62.2728947037567,59.8916785905119,89.9086470962517,89.776909348719,89.652555464408,2.53779796628647,5.56798763886391
