"number_of_rows","row","prop_cases_stephensi","message","likelihood","mu0","Q0","chi","bites_Bed","bites_Indoors","delayMos","data_model_difference_1","data_model_difference_2","data_model_difference_3","data_model_difference_4","data_model_difference_5","data_model_difference_6","data_model_difference_7","data_model_difference_8","data_model_difference_9","data_model_difference_10","year1","year2","year3","year4","year5","year6","year7","year8","year9","year10"
200,144,1,"CONVERGENCE: REL_REDUCTION_OF_F <= FACTR*EPSMCH",137.836140497557,0.104537373572899,0.250403774089413,0.516621037579607,0.490211822359,0.429680184536871,10,-1628.39470208051,-183.113774339606,-32.7112961690977,-1654.50886984387,-29501.5587131889,-35234.2311059686,-132852.8526591,-52183.6821807705,-19829.6413728647,-16908.887342863,30.0484570183743,30.0478111548532,30.0465186906381,35.31697724472,32.2444954787016,30.2449204631137,6.12497909113682,30.0451267739414,30.0787414184251,30.4130789773791
