"number_of_rows","row","prop_cases_stephensi","message","likelihood","mu0","Q0","chi","bites_Bed","bites_Indoors","delayMos","data_model_difference_1","data_model_difference_2","data_model_difference_3","data_model_difference_4","data_model_difference_5","data_model_difference_6","data_model_difference_7","data_model_difference_8","data_model_difference_9","data_model_difference_10","year1","year2","year3","year4","year5","year6","year7","year8","year9","year10"
200,145,1,"CONVERGENCE: REL_REDUCTION_OF_F <= FACTR*EPSMCH",89.8241080151027,0.144510768259228,0.316886120796437,0.579261238809267,0.558242675139497,0.612937364542749,10,-951.193559401794,-133.086755361687,-22.9140083440981,1300.96126114186,15470.9086182728,11743.2488463793,32288.7176767412,26955.5414389531,19736.6805688037,19993.9622973976,0.001,0.001,0.0012352995747341,11.482950110096,6.82816346720969,4.02932634757947,3.34088835284093,2.94449353421028,3.34595023643963,4.04173729413357
