"number_of_rows","row","prop_cases_stephensi","message","likelihood","mu0","Q0","chi","bites_Bed","bites_Indoors","delayMos","data_model_difference_1","data_model_difference_2","data_model_difference_3","data_model_difference_4","data_model_difference_5","data_model_difference_6","data_model_difference_7","data_model_difference_8","data_model_difference_9","data_model_difference_10","year1","year2","year3","year4","year5","year6","year7","year8","year9","year10"
200,150,1,"CONVERGENCE: REL_REDUCTION_OF_F <= FACTR*EPSMCH",93.5976298622425,0.14739464808752,0.196180131050525,0.510857874535141,0.516899466039393,0.396040010314833,10,-506.933268476057,-44.8588406880554,-7.14725414913871,-475.316167513424,-6837.55901141531,-2829.08032052658,-25901.6697762597,-3951.75995877122,-18500.4798851881,-30398.7062013491,0.101489929476927,0.099786181032497,0.102263407934357,33.2002584892881,14.2007415238518,4.00080295874953,10.7006677340203,3.25092018139855,7.35024685260472,7.85003195665651
