"number_of_rows","row","prop_cases_stephensi","message","likelihood","mu0","Q0","chi","bites_Bed","bites_Indoors","delayMos","data_model_difference_1","data_model_difference_2","data_model_difference_3","data_model_difference_4","data_model_difference_5","data_model_difference_6","data_model_difference_7","data_model_difference_8","data_model_difference_9","data_model_difference_10","year1","year2","year3","year4","year5","year6","year7","year8","year9","year10"
200,151,1,"CONVERGENCE: REL_REDUCTION_OF_F <= FACTR*EPSMCH",92.4030384598204,0.138122453613426,0.351487072873395,0.534485495725239,0.427547429948451,0.567726453162976,10,-1261.11932827229,-191.770454365093,-34.5339170903215,1879.51038010859,6726.67675269962,-14003.1661840899,10606.0453881799,11517.6254777974,1661.56738041704,-9223.26269070146,0.0095673372864717,0.0095673372864717,0.00973532075711653,7.79949377360001,6.95015989363658,0.216897832054695,3.26350060506642,2.94199919811856,3.45465092531795,0.652361230136036
