"number_of_rows","row","prop_cases_stephensi","message","likelihood","mu0","Q0","chi","bites_Bed","bites_Indoors","delayMos","data_model_difference_1","data_model_difference_2","data_model_difference_3","data_model_difference_4","data_model_difference_5","data_model_difference_6","data_model_difference_7","data_model_difference_8","data_model_difference_9","data_model_difference_10","year1","year2","year3","year4","year5","year6","year7","year8","year9","year10"
200,153,1,"CONVERGENCE: REL_REDUCTION_OF_F <= FACTR*EPSMCH",131.402681857985,0.118792411591277,0.270733117143274,0.567831556299643,0.500502318023607,0.524412513892047,10,-1324.42937678717,-158.47069346543,-27.8151887922706,-19.8254711253708,-3028.74385382286,-9472.77894654705,-78533.1444878003,-168102.830310579,-48819.8035268745,-19974.3915176488,13.0956221535867,11.5628791964156,7.83792561158653,10.0280200141092,11.7633239823908,14.5642963614558,5.50685483566177,9.30430144122118,18.9555464262281,14.7273379418233
