"number_of_rows","row","prop_cases_stephensi","message","likelihood","mu0","Q0","chi","bites_Bed","bites_Indoors","delayMos","data_model_difference_1","data_model_difference_2","data_model_difference_3","data_model_difference_4","data_model_difference_5","data_model_difference_6","data_model_difference_7","data_model_difference_8","data_model_difference_9","data_model_difference_10","year1","year2","year3","year4","year5","year6","year7","year8","year9","year10"
200,154,1,"CONVERGENCE: REL_REDUCTION_OF_F <= FACTR*EPSMCH",98.7952281124413,0.150106991402943,0.324763129662722,0.61501266272855,0.4420361630572,0.646993854340651,10,-874.612446262261,-126.195449797138,-21.6113022770118,-1652.44087295888,-2778.01240316215,-82678.2492662189,-118135.998004876,-19528.9993590058,-73554.4317830501,-26948.3131372014,0.00211230388942706,0.00211230388942706,2.31564800447397,12.4319167118454,3.5898761349781,5.23933388657677,4.77798811153917,6.72893962734527,4.79497178107744,2.94426421233684
