"number_of_rows","row","prop_cases_stephensi","message","likelihood","mu0","Q0","chi","bites_Bed","bites_Indoors","delayMos","data_model_difference_1","data_model_difference_2","data_model_difference_3","data_model_difference_4","data_model_difference_5","data_model_difference_6","data_model_difference_7","data_model_difference_8","data_model_difference_9","data_model_difference_10","year1","year2","year3","year4","year5","year6","year7","year8","year9","year10"
200,15,1,"CONVERGENCE: REL_REDUCTION_OF_F <= FACTR*EPSMCH",90.0572084803832,0.138506816957334,0.116891084438772,0.449068669851695,0.484380535927101,0.552500332346246,10,-445.698412928108,-18.1329678150839,-2.81335083797652,-124.567263117375,-2250.34084659275,-7283.53487167146,-7805.21825864817,-6360.16723396764,-6185.20399144977,-1260.05028110457,0.145133421592385,0.001,0.159659578916715,83.6294818117375,35.8411365677429,14.7582518631654,21.5498912573117,14.1189708282909,14.5727025919816,15.0947420083217
