"number_of_rows","row","prop_cases_stephensi","message","likelihood","mu0","Q0","chi","bites_Bed","bites_Indoors","delayMos","data_model_difference_1","data_model_difference_2","data_model_difference_3","data_model_difference_4","data_model_difference_5","data_model_difference_6","data_model_difference_7","data_model_difference_8","data_model_difference_9","data_model_difference_10","year1","year2","year3","year4","year5","year6","year7","year8","year9","year10"
200,160,1,"ERROR: ABNORMAL_TERMINATION_IN_LNSRCH",94.255160058572,0.142911257409658,0.29112017260713,0.399638505914481,0.411259323294809,0.485950852997296,10,-876.603413370618,-113.684907554702,-19.2689441962198,-100.401974735161,-28101.741585327,-12841.0510924995,-33045.2401977049,-90526.0279508564,-17987.5812913868,-61325.9576645499,0.0620442822827925,0.001,0.65916463678728,11.9934643863421,7.43165150314574,1.52212534308631,3.90656169099872,4.43174083588246,2.21450535044224,4.30299008962438
