"number_of_rows","row","prop_cases_stephensi","message","likelihood","mu0","Q0","chi","bites_Bed","bites_Indoors","delayMos","data_model_difference_1","data_model_difference_2","data_model_difference_3","data_model_difference_4","data_model_difference_5","data_model_difference_6","data_model_difference_7","data_model_difference_8","data_model_difference_9","data_model_difference_10","year1","year2","year3","year4","year5","year6","year7","year8","year9","year10"
200,161,1,"CONVERGENCE: REL_REDUCTION_OF_F <= FACTR*EPSMCH",90.0383453368166,0.15425307649467,0.329442365804687,0.593054998017615,0.431364232363701,0.422253723292695,10,-816.974978454284,-120.366351904134,-20.5223716086881,-985.228471930478,3762.16138862232,7314.63865276695,32043.3795305938,27604.3693563914,20901.07676235,22218.9667481138,0.00515606644082567,0.00515606644082567,0.00515606644082567,11.6523009466813,6.86113344787669,3.69089067677408,3.29054507767518,2.79831566691635,3.30183493622811,4.07302816532096
