"number_of_rows","row","prop_cases_stephensi","message","likelihood","mu0","Q0","chi","bites_Bed","bites_Indoors","delayMos","data_model_difference_1","data_model_difference_2","data_model_difference_3","data_model_difference_4","data_model_difference_5","data_model_difference_6","data_model_difference_7","data_model_difference_8","data_model_difference_9","data_model_difference_10","year1","year2","year3","year4","year5","year6","year7","year8","year9","year10"
200,163,1,"CONVERGENCE: REL_REDUCTION_OF_F <= FACTR*EPSMCH",93.8797646625968,0.106758187330042,0.379843514699023,0.574178067897446,0.358538773238336,0.555451526082154,10,-2688.61925245263,-482.725795335776,-103.004409609137,1621.84541980847,22911.8274988666,30213.1452557136,31148.2086143458,30189.9856863107,7567.91727070779,22951.7088317653,0.001,0.001,0.0012743014656101,3.71046146022564,2.85627426459918,1.11168498891867,3.38709049217953,1.26806497122211,3.25696823016724,1.45083100626759
