"number_of_rows","row","prop_cases_stephensi","message","likelihood","mu0","Q0","chi","bites_Bed","bites_Indoors","delayMos","data_model_difference_1","data_model_difference_2","data_model_difference_3","data_model_difference_4","data_model_difference_5","data_model_difference_6","data_model_difference_7","data_model_difference_8","data_model_difference_9","data_model_difference_10","year1","year2","year3","year4","year5","year6","year7","year8","year9","year10"
200,164,1,"CONVERGENCE: REL_REDUCTION_OF_F <= FACTR*EPSMCH",138.615401379528,0.103878205450268,0.300449997743475,0.618703233239939,0.468966115797652,0.52285352251712,10,-2049.68694104811,-286.720634286314,-54.9122570022261,-1529.03138376873,-90639.8734437672,-123121.392145139,-58417.3223166837,-50408.9954764577,-51842.0352388128,-71925.7307180161,89.7829199016513,89.9232444737152,89.8311817789874,89.9049758939606,89.8394515780824,89.7326299422847,90,89.6094702655924,2.39295553040867,6.13016131208634
