"number_of_rows","row","prop_cases_stephensi","message","likelihood","mu0","Q0","chi","bites_Bed","bites_Indoors","delayMos","data_model_difference_1","data_model_difference_2","data_model_difference_3","data_model_difference_4","data_model_difference_5","data_model_difference_6","data_model_difference_7","data_model_difference_8","data_model_difference_9","data_model_difference_10","year1","year2","year3","year4","year5","year6","year7","year8","year9","year10"
200,167,1,"CONVERGENCE: REL_REDUCTION_OF_F <= FACTR*EPSMCH",89.8844278274822,0.105006683456341,0.122035408266354,0.498310965157289,0.397711185559521,0.572213709858746,10,-958.17981367016,-38.1671930441177,-6.04099593596169,-59.8802497144602,-5242.48181510148,-18190.4645905932,-23420.9858806968,-19025.1492802449,-18329.2999740261,-15271.4097190607,0.147664782103551,0.00186064389742111,0.0066232039032442,40.4199780366976,17.8395889222899,7.60556946664595,10.7313479197213,6.91159090288707,7.40851344168469,7.88381499706518
