"number_of_rows","row","prop_cases_stephensi","message","likelihood","mu0","Q0","chi","bites_Bed","bites_Indoors","delayMos","data_model_difference_1","data_model_difference_2","data_model_difference_3","data_model_difference_4","data_model_difference_5","data_model_difference_6","data_model_difference_7","data_model_difference_8","data_model_difference_9","data_model_difference_10","year1","year2","year3","year4","year5","year6","year7","year8","year9","year10"
200,169,1,"CONVERGENCE: REL_REDUCTION_OF_F <= FACTR*EPSMCH",137.530158377418,0.114682972100557,0.347659251101431,0.509571517290024,0.534673772114446,0.439875899858084,10,-1999.44188891748,-314.893928721048,-61.4029460414165,-3555.63090695731,9773.14900918682,-26063.6841563305,-40659.2840879855,-60887.1030181136,-73750.1582598752,-105837.171081467,89.8762886681338,89.9140928680602,90,24.7905580498553,23.5850058830409,89.5408505014066,89.8690892788404,89.5326106837743,1.45463600568659,5.37498903171196
