"number_of_rows","row","prop_cases_stephensi","message","likelihood","mu0","Q0","chi","bites_Bed","bites_Indoors","delayMos","data_model_difference_1","data_model_difference_2","data_model_difference_3","data_model_difference_4","data_model_difference_5","data_model_difference_6","data_model_difference_7","data_model_difference_8","data_model_difference_9","data_model_difference_10","year1","year2","year3","year4","year5","year6","year7","year8","year9","year10"
200,170,1,"CONVERGENCE: REL_REDUCTION_OF_F <= FACTR*EPSMCH",88.6050864753003,0.153437921381398,0.344032897315337,0.470600802408007,0.419342128572524,0.591942825140477,10,-887.671759457385,-134.703541542881,-23.2317036462023,1150.89408597299,13805.3297291501,9915.82205688789,31211.1766860586,26345.3146984335,19141.7949273912,19159.8381137312,0.001,0.001,0.001,11.919421145173,6.31454477964738,2.37557038566279,3.20948900530536,2.71329978625495,1.9340772958918,2.46532222908027
