"number_of_rows","row","prop_cases_stephensi","message","likelihood","mu0","Q0","chi","bites_Bed","bites_Indoors","delayMos","data_model_difference_1","data_model_difference_2","data_model_difference_3","data_model_difference_4","data_model_difference_5","data_model_difference_6","data_model_difference_7","data_model_difference_8","data_model_difference_9","data_model_difference_10","year1","year2","year3","year4","year5","year6","year7","year8","year9","year10"
200,172,1,"CONVERGENCE: REL_REDUCTION_OF_F <= FACTR*EPSMCH",88.6315113273772,0.145897301269481,0.334397083411925,0.512600403057004,0.382931569479846,0.54762789964446,10,-998.00008716093,-146.234856705019,-25.4479234426143,499.97730947792,5230.40813426383,122.043096788257,25492.7447178205,18537.8685671057,12361.6823236833,10982.3512222277,0.001,0.001,0.001,11.4693022120794,6.13743609705525,2.20441632926282,2.48742652148003,2.26237459193421,1.9302498732149,3.03766797811123
