"number_of_rows","row","prop_cases_stephensi","message","likelihood","mu0","Q0","chi","bites_Bed","bites_Indoors","delayMos","data_model_difference_1","data_model_difference_2","data_model_difference_3","data_model_difference_4","data_model_difference_5","data_model_difference_6","data_model_difference_7","data_model_difference_8","data_model_difference_9","data_model_difference_10","year1","year2","year3","year4","year5","year6","year7","year8","year9","year10"
200,174,1,"CONVERGENCE: REL_REDUCTION_OF_F <= FACTR*EPSMCH",130.815569611651,0.116064719518388,0.287264451242983,0.411825444971037,0.41437133486241,0.553602160736368,10,-1504.73902038299,-192.929933941742,-34.7368402806475,-2941.43676584973,-49243.51772293,-49946.7020072065,-6443.30245340505,-123716.121437507,-268014.571362644,2713.61542090052,30.0607013148685,30.0667714911344,30.0650521292148,8.00099132803891,4.83640234165933,30.2637102701525,30.058320397831,4.66209830015204,3.7806098397384,1.90151749428732
