"number_of_rows","row","prop_cases_stephensi","message","likelihood","mu0","Q0","chi","bites_Bed","bites_Indoors","delayMos","data_model_difference_1","data_model_difference_2","data_model_difference_3","data_model_difference_4","data_model_difference_5","data_model_difference_6","data_model_difference_7","data_model_difference_8","data_model_difference_9","data_model_difference_10","year1","year2","year3","year4","year5","year6","year7","year8","year9","year10"
200,175,1,"CONVERGENCE: REL_REDUCTION_OF_F <= FACTR*EPSMCH",136.834984830845,0.138653154490572,0.365813984239358,0.379111981211172,0.578253997071608,0.500846686091706,10,-1324.49526266185,-208.238848093003,-37.9369213614724,1367.56943794536,-5669.19797753703,-32504.497032158,-7298.70963611678,-152677.599915295,-77371.2810034117,-51970.7661693816,30.0773666702346,24.8490562842137,30.0773053716628,10.5700487407714,6.44390475002214,30.2809316782936,30.0736437005874,8.11160507613114,30.1022180655734,30.4366371921428
