"number_of_rows","row","prop_cases_stephensi","message","likelihood","mu0","Q0","chi","bites_Bed","bites_Indoors","delayMos","data_model_difference_1","data_model_difference_2","data_model_difference_3","data_model_difference_4","data_model_difference_5","data_model_difference_6","data_model_difference_7","data_model_difference_8","data_model_difference_9","data_model_difference_10","year1","year2","year3","year4","year5","year6","year7","year8","year9","year10"
200,176,1,"CONVERGENCE: REL_REDUCTION_OF_F <= FACTR*EPSMCH",99.9747087209488,0.101266675629786,0.224138004322653,0.566768417232088,0.551891916597792,0.431847915551721,10,-1556.43510875345,-153.520535566985,-26.8253679073804,588.570557601249,4919.01862376187,-1577.84573121254,-58767.1762344971,-24676.2888890311,-108021.975439139,-53751.3945383403,0.418214592163113,0.067340206185567,0.067340206185567,11.3458274525313,7.64550163923525,2.2639861355544,5.7479146154389,6.49076579898419,4.65099335881119,2.50423651483685
