"number_of_rows","row","prop_cases_stephensi","message","likelihood","mu0","Q0","chi","bites_Bed","bites_Indoors","delayMos","data_model_difference_1","data_model_difference_2","data_model_difference_3","data_model_difference_4","data_model_difference_5","data_model_difference_6","data_model_difference_7","data_model_difference_8","data_model_difference_9","data_model_difference_10","year1","year2","year3","year4","year5","year6","year7","year8","year9","year10"
200,177,1,"CONVERGENCE: REL_REDUCTION_OF_F <= FACTR*EPSMCH",141.041844603945,0.113966080699881,0.337330742468941,0.580385101239663,0.429731217745058,0.585707617643633,10,-1943.83492381779,-297.399513378227,-57.3745392620253,-2410.02965881991,-115638.338848984,-139902.554496286,-66426.1957615865,-56358.7572437753,-57245.3309547243,-78954.2210830692,63.9349048727466,59.4536607868032,89.9988194812296,37.9016862715144,37.1938595425692,89.9986750399094,89.9987834746758,90,89.9995850163449,0.649313299392236
