"number_of_rows","row","prop_cases_stephensi","message","likelihood","mu0","Q0","chi","bites_Bed","bites_Indoors","delayMos","data_model_difference_1","data_model_difference_2","data_model_difference_3","data_model_difference_4","data_model_difference_5","data_model_difference_6","data_model_difference_7","data_model_difference_8","data_model_difference_9","data_model_difference_10","year1","year2","year3","year4","year5","year6","year7","year8","year9","year10"
200,179,1,"CONVERGENCE: REL_REDUCTION_OF_F <= FACTR*EPSMCH",91.5300748997193,0.149559057637513,0.137453394410782,0.532344710961042,0.479636788673046,0.575501147480212,10,-364.396228879295,-20.7149542956114,-3.22148529235511,-252.362387755339,-5768.78880435747,-4836.59086242683,-2538.82334607491,-10763.3747797379,-4529.7988869713,-5381.7308677237,0.0700300123635088,0.100954610698045,0.101420590237444,72.8043827049892,32.1879051268953,11.2396564644229,17.8870874804263,14.1051714329432,10.9751138760272,15.0807193916342
