"number_of_rows","row","prop_cases_stephensi","message","likelihood","mu0","Q0","chi","bites_Bed","bites_Indoors","delayMos","data_model_difference_1","data_model_difference_2","data_model_difference_3","data_model_difference_4","data_model_difference_5","data_model_difference_6","data_model_difference_7","data_model_difference_8","data_model_difference_9","data_model_difference_10","year1","year2","year3","year4","year5","year6","year7","year8","year9","year10"
200,180,1,"CONVERGENCE: REL_REDUCTION_OF_F <= FACTR*EPSMCH",91.0530861221484,0.143313319095745,0.389482913778164,0.409892598678125,0.53913290603312,0.443903109855958,10,-1328.41360472743,-219.217017554474,-40.2413508152305,951.061588939764,28510.1038791742,20605.1552051752,25050.8042983705,14913.3587775135,-805.549682340483,-22371.4014829148,0.001,0.001,0.00767718706691606,7.98924967506453,3.28298098760166,3.88742885760984,3.59525805785677,3.22145262084224,0.795041241582539,1.421366583745
