"number_of_rows","row","prop_cases_stephensi","message","likelihood","mu0","Q0","chi","bites_Bed","bites_Indoors","delayMos","data_model_difference_1","data_model_difference_2","data_model_difference_3","data_model_difference_4","data_model_difference_5","data_model_difference_6","data_model_difference_7","data_model_difference_8","data_model_difference_9","data_model_difference_10","year1","year2","year3","year4","year5","year6","year7","year8","year9","year10"
200,181,1,"ERROR: ABNORMAL_TERMINATION_IN_LNSRCH",102.045372932959,0.148997990473541,0.359355260970187,0.413314435195061,0.405984810320199,0.412394488573384,10,-1042.24455243076,-162.056355300906,-28.5421478136768,-712.097777115669,-11946.684381602,-17192.1878143496,-96771.7706855964,-184885.672084818,-52273.2505775166,-22838.0420825949,0.00099999999999989,0.00099999999999989,2.10811217971415,10.3700914485557,3.12122581832211,0.764572350095712,1.60638330141594,1.77855039517475,0.985198274763777,2.65946998300894
