"number_of_rows","row","prop_cases_stephensi","message","likelihood","mu0","Q0","chi","bites_Bed","bites_Indoors","delayMos","data_model_difference_1","data_model_difference_2","data_model_difference_3","data_model_difference_4","data_model_difference_5","data_model_difference_6","data_model_difference_7","data_model_difference_8","data_model_difference_9","data_model_difference_10","year1","year2","year3","year4","year5","year6","year7","year8","year9","year10"
200,185,1,"CONVERGENCE: REL_REDUCTION_OF_F <= FACTR*EPSMCH",102.679411737746,0.0943765166824756,0.17392071086925,0.433904005070799,0.465532759225187,0.457157153068412,10,-1457.2616759437,-102.854294922562,-17.2505278592624,-899.242720589392,-23684.6488506859,-5243.2254114645,-11750.9297920896,-46280.9758974082,-76044.6848032729,-15896.6510044209,0.534894408703464,0.067340206185567,2.86587713680792,16.3356632500147,8.04080358342921,3.9822687014788,5.57933198209934,4.47797086188379,4.90527992289975,2.78865163078992
