"number_of_rows","row","prop_cases_stephensi","message","likelihood","mu0","Q0","chi","bites_Bed","bites_Indoors","delayMos","data_model_difference_1","data_model_difference_2","data_model_difference_3","data_model_difference_4","data_model_difference_5","data_model_difference_6","data_model_difference_7","data_model_difference_8","data_model_difference_9","data_model_difference_10","year1","year2","year3","year4","year5","year6","year7","year8","year9","year10"
200,186,1,"CONVERGENCE: REL_REDUCTION_OF_F <= FACTR*EPSMCH",91.0818677487855,0.147873708883743,0.120007463970454,0.380683116488799,0.359766685663868,0.401111112843792,10,-353.912485481223,-16.1797692631842,-2.5052110795553,144.126722592466,1199.30128440474,-12.6634112015163,-3796.71248480097,-414.196036647852,-6551.48822844544,-6051.96638616113,0.101522607275055,0.100614943742259,0.100172813492129,89.9997781705174,42.9988947855176,14.8005491129748,25.1003174930194,14.0500001638154,18.1503238858304,18.6500128334536
