"number_of_rows","row","prop_cases_stephensi","message","likelihood","mu0","Q0","chi","bites_Bed","bites_Indoors","delayMos","data_model_difference_1","data_model_difference_2","data_model_difference_3","data_model_difference_4","data_model_difference_5","data_model_difference_6","data_model_difference_7","data_model_difference_8","data_model_difference_9","data_model_difference_10","year1","year2","year3","year4","year5","year6","year7","year8","year9","year10"
200,187,1,"CONVERGENCE: REL_REDUCTION_OF_F <= FACTR*EPSMCH",95.5836728674904,0.0936686925794509,0.126158752052928,0.479083579533908,0.478378342136849,0.441283575895052,10,-1233.76223059216,-52.6013781619538,-8.43871394963663,-95.8774424159828,-13027.4324241054,-14693.3730084803,-13766.6198408672,-2692.2790141346,-203.567833347013,-18759.1454926735,0.105951070008596,0.0979689876070197,0.106876053511358,29.6027738632797,14.202905948519,4.0080508019374,7.10477589071041,3.26183323502223,3.75900075739962,7.85059776432357
