"number_of_rows","row","prop_cases_stephensi","message","likelihood","mu0","Q0","chi","bites_Bed","bites_Indoors","delayMos","data_model_difference_1","data_model_difference_2","data_model_difference_3","data_model_difference_4","data_model_difference_5","data_model_difference_6","data_model_difference_7","data_model_difference_8","data_model_difference_9","data_model_difference_10","year1","year2","year3","year4","year5","year6","year7","year8","year9","year10"
200,188,1,"CONVERGENCE: REL_REDUCTION_OF_F <= FACTR*EPSMCH",93.8027038774843,0.111360569179793,0.288383567121811,0.601927333574567,0.408403577847825,0.408911042626759,10,-1666.02642716419,-216.902993095785,-39.6959151563796,1305.72822527076,29376.196761702,22710.3263235978,28574.2257095911,18096.5082724505,3546.74970975831,25172.4414817155,0.00862207845974746,0.00862207845974746,0.0097380444974581,7.96094226350989,3.12337459067536,3.71975688673919,3.34340264921222,2.81913784583808,3.36850763534394,1.5856966840932
