"number_of_rows","row","prop_cases_stephensi","message","likelihood","mu0","Q0","chi","bites_Bed","bites_Indoors","delayMos","data_model_difference_1","data_model_difference_2","data_model_difference_3","data_model_difference_4","data_model_difference_5","data_model_difference_6","data_model_difference_7","data_model_difference_8","data_model_difference_9","data_model_difference_10","year1","year2","year3","year4","year5","year6","year7","year8","year9","year10"
200,189,1,"CONVERGENCE: REL_REDUCTION_OF_F <= FACTR*EPSMCH",92.2305177815121,0.125926128376529,0.128299582540756,0.377626306463208,0.370254313251165,0.499390326650154,10,-624.25332192629,-27.7462717986116,-4.34627324497525,-131.947609875863,-7437.37669249701,-4475.66351461753,-6536.05922810303,-14699.1514139085,-3942.43930957631,-6044.06201143994,0.100105388145393,0.100198158690164,0.100116589723521,54.7994795965517,24.9998522478397,7.60009993372456,14.2999719389416,10.4500067459298,7.3500282189013,11.4499584912078
