"number_of_rows","row","prop_cases_stephensi","message","likelihood","mu0","Q0","chi","bites_Bed","bites_Indoors","delayMos","data_model_difference_1","data_model_difference_2","data_model_difference_3","data_model_difference_4","data_model_difference_5","data_model_difference_6","data_model_difference_7","data_model_difference_8","data_model_difference_9","data_model_difference_10","year1","year2","year3","year4","year5","year6","year7","year8","year9","year10"
200,18,1,"CONVERGENCE: REL_REDUCTION_OF_F <= FACTR*EPSMCH",138.820919204274,0.119507751187644,0.341462840073509,0.608707943593909,0.424777523964843,0.459336436814781,10,-1765.47272517582,-268.857042874755,-50.9807453520246,-947.691359328976,-71956.6240867435,-105305.486240975,-48963.1885192003,-43192.4036359213,-45293.6840261596,-63827.5816652069,73.0348200598787,67.9022712181492,77.9714024692152,85.4717006465277,84.0594420988581,88.9783433134184,90,89.4731523469288,2.36580343944622,5.88590676463181
