"number_of_rows","row","prop_cases_stephensi","message","likelihood","mu0","Q0","chi","bites_Bed","bites_Indoors","delayMos","data_model_difference_1","data_model_difference_2","data_model_difference_3","data_model_difference_4","data_model_difference_5","data_model_difference_6","data_model_difference_7","data_model_difference_8","data_model_difference_9","data_model_difference_10","year1","year2","year3","year4","year5","year6","year7","year8","year9","year10"
200,190,1,"CONVERGENCE: REL_REDUCTION_OF_F <= FACTR*EPSMCH",90.7761788415555,0.152266071415744,0.116179473810946,0.463891828157066,0.393244201791956,0.617530263540885,10,-307.6946433454,-14.0308990868891,-2.16786372633957,1106.51570904534,107.325318244417,2072.09526424828,499.034557646431,-1265.69277524632,-1833.29206651144,-3128.46823886711,0.0925063913948263,0.0336203913739089,0.296378828091279,89.9840517148494,57.3890709485153,18.3952768190541,32.2959688681585,17.6600302442308,18.1494498217044,22.246293962208
