"number_of_rows","row","prop_cases_stephensi","message","likelihood","mu0","Q0","chi","bites_Bed","bites_Indoors","delayMos","data_model_difference_1","data_model_difference_2","data_model_difference_3","data_model_difference_4","data_model_difference_5","data_model_difference_6","data_model_difference_7","data_model_difference_8","data_model_difference_9","data_model_difference_10","year1","year2","year3","year4","year5","year6","year7","year8","year9","year10"
200,191,1,"CONVERGENCE: REL_REDUCTION_OF_F <= FACTR*EPSMCH",137.273415830484,0.134059757366666,0.384109268601867,0.551635037373344,0.41785128830382,0.550158209258738,10,-1566.81718023127,-258.100483163288,-48.6113139562842,-635.182964428529,-61825.5901024884,-94774.663581905,-43156.81515958,-38752.3980935318,-41264.0471735777,-58861.0536559467,30.0691401892328,30.0691540416021,30.0691072905877,5.1648441579195,32.2691014471213,30.2691761311309,30.0691536490994,30.0692385573001,30.1026883865287,0.649884889980427
