"number_of_rows","row","prop_cases_stephensi","message","likelihood","mu0","Q0","chi","bites_Bed","bites_Indoors","delayMos","data_model_difference_1","data_model_difference_2","data_model_difference_3","data_model_difference_4","data_model_difference_5","data_model_difference_6","data_model_difference_7","data_model_difference_8","data_model_difference_9","data_model_difference_10","year1","year2","year3","year4","year5","year6","year7","year8","year9","year10"
200,192,1,"CONVERGENCE: REL_REDUCTION_OF_F <= FACTR*EPSMCH",135.050804720183,0.0990542761785731,0.278116119852406,0.536048057696025,0.488106431999508,0.395170187807405,10,-2060.41036136308,-268.415684972945,-50.7971476884727,-505.626620925636,-60322.8580784027,-97969.3160663836,-45720.5452301344,-40968.0033705227,-43365.7466186059,-61157.5529566462,90,90,88.9807387507567,2.72597022374872,4.63943973906835,89.2892552166475,89.0372743410363,89.7479593286438,2.34560021665367,6.58516887533668
