"number_of_rows","row","prop_cases_stephensi","message","likelihood","mu0","Q0","chi","bites_Bed","bites_Indoors","delayMos","data_model_difference_1","data_model_difference_2","data_model_difference_3","data_model_difference_4","data_model_difference_5","data_model_difference_6","data_model_difference_7","data_model_difference_8","data_model_difference_9","data_model_difference_10","year1","year2","year3","year4","year5","year6","year7","year8","year9","year10"
200,194,1,"CONVERGENCE: REL_REDUCTION_OF_F <= FACTR*EPSMCH",136.457720827448,0.0945816781774852,0.374617588885245,0.611231964530307,0.367770910832754,0.46118709846278,10,-3419.42020342291,-655.230044747298,-150.866311374395,-894.888658912962,-15487.5422905757,-447033.610653814,-319485.29885492,-231695.865179482,-217639.116652785,-275383.301808703,9.93092519920933,9.92643111969482,9.93516499303638,10.5570690381774,10.0052350131598,11.3657904731128,9.92156285486422,10.0019544950344,9.94884581754077,0.157156843676169
