"number_of_rows","row","prop_cases_stephensi","message","likelihood","mu0","Q0","chi","bites_Bed","bites_Indoors","delayMos","data_model_difference_1","data_model_difference_2","data_model_difference_3","data_model_difference_4","data_model_difference_5","data_model_difference_6","data_model_difference_7","data_model_difference_8","data_model_difference_9","data_model_difference_10","year1","year2","year3","year4","year5","year6","year7","year8","year9","year10"
200,195,1,"CONVERGENCE: REL_REDUCTION_OF_F <= FACTR*EPSMCH",132.648428550347,0.117092612671081,0.332105416574865,0.437849422940344,0.547635602943131,0.551579569659908,10,-1783.46043906596,-265.855828886083,-50.2915516841644,-754.178776502537,-66375.7182029926,-100760.250917086,-46660.2982968525,-41489.8671334517,-43769.8177313847,-61877.3310861028,10.0701081500646,10.0701092637914,10.0701086093807,4.68608568443089,3.65992345609108,10.336873484932,10.0701088027981,10.070109452033,10.114599377764,10.5591480507185
