"number_of_rows","row","prop_cases_stephensi","message","likelihood","mu0","Q0","chi","bites_Bed","bites_Indoors","delayMos","data_model_difference_1","data_model_difference_2","data_model_difference_3","data_model_difference_4","data_model_difference_5","data_model_difference_6","data_model_difference_7","data_model_difference_8","data_model_difference_9","data_model_difference_10","year1","year2","year3","year4","year5","year6","year7","year8","year9","year10"
200,196,1,"ERROR: ABNORMAL_TERMINATION_IN_LNSRCH",102.120216485935,0.126846421491789,0.238814984075609,0.507074859798304,0.475540396997421,0.629359173152312,10,-973.947727904016,-101.141634609626,-16.9520745289727,-1487.83622041329,-30799.0056656482,-7056.69394391925,-15143.941990064,-49212.1554892327,-78560.323410369,-15844.5687706783,2.31195486319914,0.001,0.001,18.3892031946436,10.4583428520989,11.5184462460481,8.32606084909065,5.70192865282462,6.92322163250111,7.37102934226284
