"number_of_rows","row","prop_cases_stephensi","message","likelihood","mu0","Q0","chi","bites_Bed","bites_Indoors","delayMos","data_model_difference_1","data_model_difference_2","data_model_difference_3","data_model_difference_4","data_model_difference_5","data_model_difference_6","data_model_difference_7","data_model_difference_8","data_model_difference_9","data_model_difference_10","year1","year2","year3","year4","year5","year6","year7","year8","year9","year10"
200,198,1,"CONVERGENCE: REL_REDUCTION_OF_F <= FACTR*EPSMCH",136.532721117764,0.129733565159443,0.311035722510889,0.387691812802805,0.364039136176263,0.495621461111487,10,-1259.68093600783,-172.214242472719,-30.5420413532139,-1281.38464564111,-21608.0603311675,-26768.5568122514,-116705.606097847,-44600.5827561919,-16068.8511540486,-13067.5031629361,16.7367557817668,89.9959987905065,29.3178010527571,9.48661226145838,11.2487188616704,90,13.9675743473386,89.9932430819894,89.9967294668373,0.641701255518121
