"number_of_rows","row","prop_cases_stephensi","message","likelihood","mu0","Q0","chi","bites_Bed","bites_Indoors","delayMos","data_model_difference_1","data_model_difference_2","data_model_difference_3","data_model_difference_4","data_model_difference_5","data_model_difference_6","data_model_difference_7","data_model_difference_8","data_model_difference_9","data_model_difference_10","year1","year2","year3","year4","year5","year6","year7","year8","year9","year10"
200,200,1,"CONVERGENCE: REL_REDUCTION_OF_F <= FACTR*EPSMCH",127.18165035049,0.124484299151149,0.285359945557662,0.557563387554546,0.572404749807014,0.637009232291159,10,-1255.36254931525,-158.016539060813,-27.7272430124688,-70.4624581346116,-3523.50559614229,-9768.83658831828,-79352.3826715695,-168626.031612612,-48684.9613475618,-19984.3864376401,2.43447033070047,14.046508292345,14.4712129343222,9.47802686221543,5.35461223817253,12.2625127868923,0.860891576430423,7.58648463119859,18.3096792205892,17.3637941643768
