"number_of_rows","row","prop_cases_stephensi","message","likelihood","mu0","Q0","chi","bites_Bed","bites_Indoors","delayMos","data_model_difference_1","data_model_difference_2","data_model_difference_3","data_model_difference_4","data_model_difference_5","data_model_difference_6","data_model_difference_7","data_model_difference_8","data_model_difference_9","data_model_difference_10","year1","year2","year3","year4","year5","year6","year7","year8","year9","year10"
200,22,1,"CONVERGENCE: REL_REDUCTION_OF_F <= FACTR*EPSMCH",97.8100747441347,0.127828974798938,0.236610945855733,0.417547795235587,0.535922148138606,0.475379949655643,10,-944.69539958135,-97.1505867995095,-16.22924373913,-900.987699630988,-20671.4395803691,-1671.9957504744,-7530.82361660634,-40256.53966805,-69368.6806128412,-90178.0664876651,0.0407069640746758,0.257530805423197,0.825882104860313,15.4739599439469,7.37704464933189,1.54177576886584,3.93115547172349,3.4196064173544,3.79416669654569,4.24878910907412
