"number_of_rows","row","prop_cases_stephensi","message","likelihood","mu0","Q0","chi","bites_Bed","bites_Indoors","delayMos","data_model_difference_1","data_model_difference_2","data_model_difference_3","data_model_difference_4","data_model_difference_5","data_model_difference_6","data_model_difference_7","data_model_difference_8","data_model_difference_9","data_model_difference_10","year1","year2","year3","year4","year5","year6","year7","year8","year9","year10"
200,23,1,"CONVERGENCE: REL_REDUCTION_OF_F <= FACTR*EPSMCH",91.3834186374632,0.130583431280672,0.147243861116818,0.557192903420073,0.450861433630783,0.510807543755028,10,-604.829296786107,-33.7311191656954,-5.31519011700919,-24.0079574548536,-10116.3571713396,-16290.0746344722,-11898.2747239467,-7248.23238119055,-7164.29400524261,-20976.4490355574,0.0792456801728272,0.001,0.36356773255289,44.001435913082,21.4789685053197,7.90288764012786,10.9561492112245,7.09768765581106,7.53426552869121,11.4676178802244
