"number_of_rows","row","prop_cases_stephensi","message","likelihood","mu0","Q0","chi","bites_Bed","bites_Indoors","delayMos","data_model_difference_1","data_model_difference_2","data_model_difference_3","data_model_difference_4","data_model_difference_5","data_model_difference_6","data_model_difference_7","data_model_difference_8","data_model_difference_9","data_model_difference_10","year1","year2","year3","year4","year5","year6","year7","year8","year9","year10"
200,30,1,"CONVERGENCE: REL_REDUCTION_OF_F <= FACTR*EPSMCH",139.237057088868,0.0940837406248463,0.386174835874815,0.404925190259237,0.551436003643854,0.587286873305282,10,-3625.1194609057,-724.181103771113,-171.397218397361,-2330.4021878357,-36928.4869948645,-549394.926390883,-354839.278761035,-254352.434331621,-238611.304044884,-301046.429686505,89.9420088029481,89.8214058003716,89.3217481641793,89.5203341811563,89.6213198953441,89.1489491087096,89.5984246805295,89.4004244417167,1.21654418604307,4.71554199403357
