"number_of_rows","row","prop_cases_stephensi","message","likelihood","mu0","Q0","chi","bites_Bed","bites_Indoors","delayMos","data_model_difference_1","data_model_difference_2","data_model_difference_3","data_model_difference_4","data_model_difference_5","data_model_difference_6","data_model_difference_7","data_model_difference_8","data_model_difference_9","data_model_difference_10","year1","year2","year3","year4","year5","year6","year7","year8","year9","year10"
200,31,1,"CONVERGENCE: REL_REDUCTION_OF_F <= FACTR*EPSMCH",92.8433347694531,0.119081469819397,0.399447828048025,0.47683741245186,0.555518936638871,0.515368818754729,10,-2254.16680810215,-401.840148892072,-82.3445174680689,2418.93290395199,28825.4241706197,31742.9078155405,39425.4693229897,8228.99320313588,20677.6524831231,27574.2802167339,0.00375220003552104,0.001,0.001,4.09553931583549,2.91523446771918,1.15887160584118,3.33841230503163,3.31833969694828,1.0649068385142,1.30288573939818
