"number_of_rows","row","prop_cases_stephensi","message","likelihood","mu0","Q0","chi","bites_Bed","bites_Indoors","delayMos","data_model_difference_1","data_model_difference_2","data_model_difference_3","data_model_difference_4","data_model_difference_5","data_model_difference_6","data_model_difference_7","data_model_difference_8","data_model_difference_9","data_model_difference_10","year1","year2","year3","year4","year5","year6","year7","year8","year9","year10"
200,33,1,"CONVERGENCE: REL_REDUCTION_OF_F <= FACTR*EPSMCH",132.408551609954,0.131792375414754,0.392423359652748,0.450898937673192,0.474351513506245,0.640248876303127,10,-1695.69732344089,-285.706032291942,-54.7959905535493,-2116.88068683592,-105316.046966093,-129843.667342356,-61081.9799509916,-52205.1135975197,-53441.5570832334,-74291.9651342237,10.0753495828805,10.0753855273988,10.0753992573891,4.50212864860069,13.0091525928927,10.3420826820367,10.075331332143,10.0752839456084,10.119796774435,0.64984601266673
