"number_of_rows","row","prop_cases_stephensi","message","likelihood","mu0","Q0","chi","bites_Bed","bites_Indoors","delayMos","data_model_difference_1","data_model_difference_2","data_model_difference_3","data_model_difference_4","data_model_difference_5","data_model_difference_6","data_model_difference_7","data_model_difference_8","data_model_difference_9","data_model_difference_10","year1","year2","year3","year4","year5","year6","year7","year8","year9","year10"
200,34,1,"CONVERGENCE: REL_REDUCTION_OF_F <= FACTR*EPSMCH",134.610556117215,0.0991914721616649,0.306579171273857,0.45904950838798,0.585833431259743,0.645770008857987,10,-2322.88696719493,-339.863397267513,-67.1622676905711,-4688.86753905588,3600.98300456207,-40228.7782130587,-56540.1141006284,-74307.1206211121,-85400.5031312311,-119089.550446957,6.44254412789801,2.51583661998691,9.96187486168245,4.45630347118701,3.45378383435394,24.8929208637588,30.0798560348275,30.0791222639971,30.1123515140827,0.648546215264435
