"number_of_rows","row","prop_cases_stephensi","message","likelihood","mu0","Q0","chi","bites_Bed","bites_Indoors","delayMos","data_model_difference_1","data_model_difference_2","data_model_difference_3","data_model_difference_4","data_model_difference_5","data_model_difference_6","data_model_difference_7","data_model_difference_8","data_model_difference_9","data_model_difference_10","year1","year2","year3","year4","year5","year6","year7","year8","year9","year10"
200,39,1,"CONVERGENCE: REL_REDUCTION_OF_F <= FACTR*EPSMCH",94.0856460560313,0.120485038968422,0.32170887333143,0.518759903554455,0.410540795398692,0.54322604323529,10,-1592.80303265381,-227.906458698147,-42.0531048561989,828.539830013946,27894.4465285219,19137.0716614028,22373.997184648,2600.71862254395,-14679.7382567065,-37343.3656536561,0.00259885073288645,0.001,0.0364358543862104,7.88356965959845,3.12836005523389,3.84463140543763,3.40181774503387,3.75805523664535,2.05508527456138,3.26963956175854
