"number_of_rows","row","prop_cases_stephensi","message","likelihood","mu0","Q0","chi","bites_Bed","bites_Indoors","delayMos","data_model_difference_1","data_model_difference_2","data_model_difference_3","data_model_difference_4","data_model_difference_5","data_model_difference_6","data_model_difference_7","data_model_difference_8","data_model_difference_9","data_model_difference_10","year1","year2","year3","year4","year5","year6","year7","year8","year9","year10"
200,40,1,"CONVERGENCE: REL_REDUCTION_OF_F <= FACTR*EPSMCH",138.287842248756,0.109244299451101,0.259713511359179,0.483190117242921,0.531252051292074,0.628663132111481,10,-1537.46529247996,-178.488900181279,-31.7866044108321,-1382.90358516766,-24673.0545656233,-30676.7206314441,-123999.065348902,-48633.9408945152,-18016.3107814939,-15013.4046359459,30.0502117537295,30.0502878414647,30.0502451418616,9.22381850095289,32.2508232727128,30.250307948625,32.3175132987715,30.0501390768985,30.0835449317424,30.4169874134088
