"number_of_rows","row","prop_cases_stephensi","message","likelihood","mu0","Q0","chi","bites_Bed","bites_Indoors","delayMos","data_model_difference_1","data_model_difference_2","data_model_difference_3","data_model_difference_4","data_model_difference_5","data_model_difference_6","data_model_difference_7","data_model_difference_8","data_model_difference_9","data_model_difference_10","year1","year2","year3","year4","year5","year6","year7","year8","year9","year10"
200,41,1,"CONVERGENCE: REL_REDUCTION_OF_F <= FACTR*EPSMCH",94.1475789711669,0.119965339335153,0.312171860869275,0.555272520344879,0.553641366757183,0.521807007759297,10,-1545.8556542836,-214.749659254574,-39.2796298728466,1295.16783430078,29419.4950875468,22801.204344967,28783.3430047368,18347.7154551361,3882.87687078008,25263.1761372707,0.0193966494441481,0.001,0.0374908946050707,7.77271935778748,3.18152902655595,3.68042659843031,3.47064587614926,2.87841659625824,3.41091443157125,1.66072922250893
