"number_of_rows","row","prop_cases_stephensi","message","likelihood","mu0","Q0","chi","bites_Bed","bites_Indoors","delayMos","data_model_difference_1","data_model_difference_2","data_model_difference_3","data_model_difference_4","data_model_difference_5","data_model_difference_6","data_model_difference_7","data_model_difference_8","data_model_difference_9","data_model_difference_10","year1","year2","year3","year4","year5","year6","year7","year8","year9","year10"
200,42,1,"ERROR: ABNORMAL_TERMINATION_IN_LNSRCH",105.576331624126,0.112798999884709,0.367482009336469,0.468955803518184,0.571585384904089,0.589086221447525,10,-2254.86226928303,-379.115525656536,-76.6752039074245,2643.9223243177,30193.5698488262,9621.80628978939,-22679.6094086147,-77633.0523492168,-110050.48277054,-159998.218237359,0.00204270372125524,0.00283499511648474,0.00172217998760601,4.26637250396171,5.56304579414841,6.20536006574883,29.7571776210305,29.752972492063,29.783039740074,30.1181422109443
