"number_of_rows","row","prop_cases_stephensi","message","likelihood","mu0","Q0","chi","bites_Bed","bites_Indoors","delayMos","data_model_difference_1","data_model_difference_2","data_model_difference_3","data_model_difference_4","data_model_difference_5","data_model_difference_6","data_model_difference_7","data_model_difference_8","data_model_difference_9","data_model_difference_10","year1","year2","year3","year4","year5","year6","year7","year8","year9","year10"
200,43,1,"CONVERGENCE: REL_REDUCTION_OF_F <= FACTR*EPSMCH",91.198033075512,0.13674828124026,0.107013645244297,0.583507681702322,0.383411872654881,0.597127886614797,10,-449.023682210901,-15.6426251711249,-2.42070588516056,233.024153051661,-1076.35142670944,-682.930529853111,-1030.96008255937,-6407.83092386426,-1212.42491218556,520.203520492338,0.100740005928083,0.101289947908732,0.101266981781261,90,43.0001229176123,14.8001906198475,25.0999865951478,17.64987163479,14.5500701209275,22.2497891761203
