"number_of_rows","row","prop_cases_stephensi","message","likelihood","mu0","Q0","chi","bites_Bed","bites_Indoors","delayMos","data_model_difference_1","data_model_difference_2","data_model_difference_3","data_model_difference_4","data_model_difference_5","data_model_difference_6","data_model_difference_7","data_model_difference_8","data_model_difference_9","data_model_difference_10","year1","year2","year3","year4","year5","year6","year7","year8","year9","year10"
200,47,1,"CONVERGENCE: REL_REDUCTION_OF_F <= FACTR*EPSMCH",92.5330283835408,0.141630841641016,0.168122495990014,0.430862365202338,0.390100003527267,0.643208600484049,10,-511.273456285117,-36.1403322856435,-5.70870880500574,-26.2870401702075,-2473.55300658637,-13324.0738486916,-17498.3661236504,-14314.7682916207,-14549.1787121613,-11604.4147153683,0.100933388457711,0.0978454227056947,0.105636399497158,40.400266282667,17.800063788369,7.60192628820059,10.7011412820801,6.85129358168413,7.35139372287753,7.85051381359447
