"number_of_rows","row","prop_cases_stephensi","message","likelihood","mu0","Q0","chi","bites_Bed","bites_Indoors","delayMos","data_model_difference_1","data_model_difference_2","data_model_difference_3","data_model_difference_4","data_model_difference_5","data_model_difference_6","data_model_difference_7","data_model_difference_8","data_model_difference_9","data_model_difference_10","year1","year2","year3","year4","year5","year6","year7","year8","year9","year10"
200,48,1,"CONVERGENCE: REL_REDUCTION_OF_F <= FACTR*EPSMCH",91.6170407268871,0.152497184234606,0.102098235951154,0.542375268219912,0.506787213738342,0.575031210481595,10,-288.365033230821,-10.7544151022848,-1.65559622638642,2583.09262063913,3892.46455284287,-23630.825237961,-2745.37313300746,-2297.15794346447,717.420028476241,4094.7310378814,0.100000006645737,0.100000006240706,0.100000006864835,90,89.999999999677,32.7996799997995,28.6997200002563,24.8497600001538,25.3497600000339,29.4497200000303
