"number_of_rows","row","prop_cases_stephensi","message","likelihood","mu0","Q0","chi","bites_Bed","bites_Indoors","delayMos","data_model_difference_1","data_model_difference_2","data_model_difference_3","data_model_difference_4","data_model_difference_5","data_model_difference_6","data_model_difference_7","data_model_difference_8","data_model_difference_9","data_model_difference_10","year1","year2","year3","year4","year5","year6","year7","year8","year9","year10"
200,4,1,"CONVERGENCE: REL_REDUCTION_OF_F <= FACTR*EPSMCH",93.2857798833888,0.133514730661916,0.247045017515775,0.565706601510465,0.496821283313613,0.490066058877345,10,-877.463102664665,-95.2778409881237,-15.8952800214147,-726.809287832265,-17374.3878907672,350.00766306213,-4721.5486309189,-36773.4103779808,-677.885571939525,-26295.1700485221,0.110396650296408,0.00459955159543285,0.0379260047384578,15.2662087475691,7.02097439887549,4.67106714823991,4.79569727471483,5.46107591898876,6.36688432563873,4.62996638730716
