"number_of_rows","row","prop_cases_stephensi","message","likelihood","mu0","Q0","chi","bites_Bed","bites_Indoors","delayMos","data_model_difference_1","data_model_difference_2","data_model_difference_3","data_model_difference_4","data_model_difference_5","data_model_difference_6","data_model_difference_7","data_model_difference_8","data_model_difference_9","data_model_difference_10","year1","year2","year3","year4","year5","year6","year7","year8","year9","year10"
200,53,1,"CONVERGENCE: REL_REDUCTION_OF_F <= FACTR*EPSMCH",101.928788271019,0.15400567208991,0.377263756688801,0.554803482302523,0.519852617882108,0.469404030213378,10,-1013.69528190851,-164.256030275274,-28.9948885950131,-960.996933996521,-15450.2540865684,-20260.475143005,-103546.688651303,-191279.869617845,-53919.3751688054,-24058.3843605597,0.001,0.001,2.47921523001633,9.5727505677759,6.31818991948908,4.16795029521458,5.43355835173687,5.13966199692014,4.27512911623799,5.30342607946572
