"number_of_rows","row","prop_cases_stephensi","message","likelihood","mu0","Q0","chi","bites_Bed","bites_Indoors","delayMos","data_model_difference_1","data_model_difference_2","data_model_difference_3","data_model_difference_4","data_model_difference_5","data_model_difference_6","data_model_difference_7","data_model_difference_8","data_model_difference_9","data_model_difference_10","year1","year2","year3","year4","year5","year6","year7","year8","year9","year10"
200,56,1,"CONVERGENCE: REL_REDUCTION_OF_F <= FACTR*EPSMCH",91.0104668427354,0.112331713077148,0.11242566926335,0.547174508122262,0.396492466635367,0.564783140966734,10,-794.489000118204,-27.6635833087352,-4.33225185895017,135.478514547995,5036.69353387617,5270.60384575157,2534.02990248988,5508.77736876487,6303.8363202036,2063.74532994879,0.0920300184354799,0.0579003645394255,0.0341813066313614,58.4087564019695,24.9928576430394,11.1890476834425,17.8345509194845,10.4101800972467,10.8983495052551,15.0305232282057
