"number_of_rows","row","prop_cases_stephensi","message","likelihood","mu0","Q0","chi","bites_Bed","bites_Indoors","delayMos","data_model_difference_1","data_model_difference_2","data_model_difference_3","data_model_difference_4","data_model_difference_5","data_model_difference_6","data_model_difference_7","data_model_difference_8","data_model_difference_9","data_model_difference_10","year1","year2","year3","year4","year5","year6","year7","year8","year9","year10"
200,57,1,"CONVERGENCE: REL_REDUCTION_OF_F <= FACTR*EPSMCH",92.8592097654973,0.115295026451895,0.214900612048805,0.577666201298707,0.400598118930694,0.415357571661907,10,-1116.91656723783,-102.068281956406,-17.1164976892172,-1370.8663351269,-29835.2472104561,-7165.8391136897,-15028.3108053822,-49393.9442422784,-78884.6847204244,-16247.3433644562,0.223472693575052,0.0299087531500711,0.00382048287951432,15.8262928386559,7.90559778326018,3.54042077146331,4.81823800055803,3.98549128230937,4.99828268439649,2.78846582893836
