"number_of_rows","row","prop_cases_stephensi","message","likelihood","mu0","Q0","chi","bites_Bed","bites_Indoors","delayMos","data_model_difference_1","data_model_difference_2","data_model_difference_3","data_model_difference_4","data_model_difference_5","data_model_difference_6","data_model_difference_7","data_model_difference_8","data_model_difference_9","data_model_difference_10","year1","year2","year3","year4","year5","year6","year7","year8","year9","year10"
200,58,1,"CONVERGENCE: REL_REDUCTION_OF_F <= FACTR*EPSMCH",90.6120358128733,0.144150610923854,0.140323072675266,0.406029396300146,0.387349158895785,0.46826723924288,10,-425.204262422696,-23.7866232739903,-3.71204041861095,22.0066595625954,3552.30224265541,8351.98540203631,12998.9315791335,4099.24183586552,7738.57529757819,7840.17672037796,0.00780307706472741,0.0340518317509918,0.0944165536618357,65.6076960650293,28.537730489313,11.2078881565666,17.950645093359,14.0481166253946,10.9426170953865,15.0391834050302
