"number_of_rows","row","prop_cases_stephensi","message","likelihood","mu0","Q0","chi","bites_Bed","bites_Indoors","delayMos","data_model_difference_1","data_model_difference_2","data_model_difference_3","data_model_difference_4","data_model_difference_5","data_model_difference_6","data_model_difference_7","data_model_difference_8","data_model_difference_9","data_model_difference_10","year1","year2","year3","year4","year5","year6","year7","year8","year9","year10"
200,59,1,"CONVERGENCE: REL_REDUCTION_OF_F <= FACTR*EPSMCH",91.5477711455772,0.144899689492004,0.130986754100537,0.600204150567297,0.508757662079194,0.49167237527379,10,-400.924457713515,-20.3870525073741,-3.1702251201712,-1.53167162934051,-2249.86572742842,-1860.88580382703,-11573.7245498298,-2832.07249142758,-8712.04093327005,-8950.95581748217,0.085894348393994,0.103080418231111,0.123140416932385,72.8075194438096,32.2198274960846,11.2142606053603,21.5185500876504,10.4579379863642,14.5553288193254,15.0554588697279
