"number_of_rows","row","prop_cases_stephensi","message","likelihood","mu0","Q0","chi","bites_Bed","bites_Indoors","delayMos","data_model_difference_1","data_model_difference_2","data_model_difference_3","data_model_difference_4","data_model_difference_5","data_model_difference_6","data_model_difference_7","data_model_difference_8","data_model_difference_9","data_model_difference_10","year1","year2","year3","year4","year5","year6","year7","year8","year9","year10"
200,5,1,"CONVERGENCE: REL_REDUCTION_OF_F <= FACTR*EPSMCH",94.716103858594,0.120787049775213,0.205200975512387,0.385101179222984,0.568762429317269,0.514027235983844,10,-954.819592382144,-82.2997933185755,-13.5706307611912,-1130.85049280696,-8915.15969459824,-39608.2326810053,-28278.3834413993,-32943.6327431727,-44357.6186475247,-52757.5908436614,0.100489302147371,0.0999432433495463,0.100879502138687,18.7999246188297,7.0003258663977,4.00042499405767,3.50055950700177,3.2502628213965,3.7500987176096,4.2500543432766
