"number_of_rows","row","prop_cases_stephensi","message","likelihood","mu0","Q0","chi","bites_Bed","bites_Indoors","delayMos","data_model_difference_1","data_model_difference_2","data_model_difference_3","data_model_difference_4","data_model_difference_5","data_model_difference_6","data_model_difference_7","data_model_difference_8","data_model_difference_9","data_model_difference_10","year1","year2","year3","year4","year5","year6","year7","year8","year9","year10"
200,60,1,"CONVERGENCE: REL_REDUCTION_OF_F <= FACTR*EPSMCH",137.130899915855,0.114368951778223,0.272274109892664,0.527937059475807,0.379663031882716,0.465589669924924,10,-1460.43321403242,-177.047430644145,-31.5103366009728,-1387.81086595412,-24350.2559455469,-30040.5467590657,-122910.637200653,-47837.6281011994,-17644.600601198,-14658.6786839521,30.0568484449779,30.0593995837278,30.0576030284095,9.62031669452973,7.45227261056311,30.2522357328367,32.3226531475815,30.0538727763753,30.0886316859053,30.4214887697152
