"number_of_rows","row","prop_cases_stephensi","message","likelihood","mu0","Q0","chi","bites_Bed","bites_Indoors","delayMos","data_model_difference_1","data_model_difference_2","data_model_difference_3","data_model_difference_4","data_model_difference_5","data_model_difference_6","data_model_difference_7","data_model_difference_8","data_model_difference_9","data_model_difference_10","year1","year2","year3","year4","year5","year6","year7","year8","year9","year10"
200,62,1,"CONVERGENCE: REL_REDUCTION_OF_F <= FACTR*EPSMCH",138.478941909797,0.11501612770238,0.29330399802886,0.433517045734334,0.371765568479653,0.471097237265511,10,-1578.0974227592,-207.458368748207,-37.7350230645889,1568.39366888736,-1075.47987994228,-27100.8721899587,-163328.391330066,-72410.1303082212,-33358.6273156351,-32972.382953746,30.0610968093027,30.0687823780872,29.3414635884341,35.3246187547303,4.34224784249914,30.2637185153986,32.3176042281343,30.0630120283894,30.0930495286605,30.4252077462795
