"number_of_rows","row","prop_cases_stephensi","message","likelihood","mu0","Q0","chi","bites_Bed","bites_Indoors","delayMos","data_model_difference_1","data_model_difference_2","data_model_difference_3","data_model_difference_4","data_model_difference_5","data_model_difference_6","data_model_difference_7","data_model_difference_8","data_model_difference_9","data_model_difference_10","year1","year2","year3","year4","year5","year6","year7","year8","year9","year10"
200,63,1,"CONVERGENCE: REL_REDUCTION_OF_F <= FACTR*EPSMCH",91.3464111705025,0.123967509262938,0.105733307164512,0.440569469393813,0.596981288704652,0.651999357244015,10,-602.95408451089,-19.3823794146909,-3.0118673399541,-190.74552000007,-100.827745584153,-8082.28157272253,-13691.7705060348,-12660.3102183883,-1888.79259562291,-8629.95976252422,0.0826201365929331,0.114482525022498,0.0673402061976282,79.9994783308659,32.1991776556016,14.806214486439,21.5034633804219,14.0525675156845,10.9719823537068,18.6546126409697
