"number_of_rows","row","prop_cases_stephensi","message","likelihood","mu0","Q0","chi","bites_Bed","bites_Indoors","delayMos","data_model_difference_1","data_model_difference_2","data_model_difference_3","data_model_difference_4","data_model_difference_5","data_model_difference_6","data_model_difference_7","data_model_difference_8","data_model_difference_9","data_model_difference_10","year1","year2","year3","year4","year5","year6","year7","year8","year9","year10"
200,64,1,"CONVERGENCE: REL_REDUCTION_OF_F <= FACTR*EPSMCH",91.9156822561075,0.127226905277927,0.318772569306544,0.545581676481816,0.526453426741599,0.566109237053305,10,-1370.83619305128,-192.25959401762,-34.6260758838265,1924.29353343214,7616.6598631091,-12947.1228511061,11168.4429970234,11812.966869185,1989.33454583255,25457.6605172845,0.00556909752508023,0.00556909752508023,0.00615830062050827,7.73963527750741,6.85750655000523,0.0961903494982971,3.0762518873377,2.75226656893287,3.35870994137612,1.52536306148153
