"number_of_rows","row","prop_cases_stephensi","message","likelihood","mu0","Q0","chi","bites_Bed","bites_Indoors","delayMos","data_model_difference_1","data_model_difference_2","data_model_difference_3","data_model_difference_4","data_model_difference_5","data_model_difference_6","data_model_difference_7","data_model_difference_8","data_model_difference_9","data_model_difference_10","year1","year2","year3","year4","year5","year6","year7","year8","year9","year10"
200,67,1,"CONVERGENCE: REL_REDUCTION_OF_F <= FACTR*EPSMCH",92.6146142612731,0.146297751174516,0.332857606532867,0.559848528598959,0.420380199076887,0.648591794332476,10,-982.860076738429,-143.537944001398,-24.9280327694415,667.463116459394,7493.86330865714,2630.51575861375,26924.0756863937,19700.8522749146,13431.1398997589,12376.770275435,0.0175086061478727,0.001,0.0359003626134973,11.2814991714613,6.81002971329025,3.71193330424628,3.19898858685506,3.47182208299497,3.49961650952232,4.07913749722942
