"number_of_rows","row","prop_cases_stephensi","message","likelihood","mu0","Q0","chi","bites_Bed","bites_Indoors","delayMos","data_model_difference_1","data_model_difference_2","data_model_difference_3","data_model_difference_4","data_model_difference_5","data_model_difference_6","data_model_difference_7","data_model_difference_8","data_model_difference_9","data_model_difference_10","year1","year2","year3","year4","year5","year6","year7","year8","year9","year10"
200,68,1,"CONVERGENCE: REL_REDUCTION_OF_F <= FACTR*EPSMCH",137.999603537317,0.100936394613078,0.297874133527512,0.623550250492408,0.449157572471285,0.557731701324586,10,-2156.38062732048,-302.419211070302,-58.4697852774248,-2317.24822945223,-114507.795966228,-141713.216553939,-67692.8294957883,-57397.3338270148,-58207.3148429018,-79976.4304632913,20.1223497884132,28.602705045153,26.3848202871297,14.8548672900226,13.9346137438289,30.2534255810668,30.0538463404648,30.053715815876,30.0870825284257,0.649616558727667
