"number_of_rows","row","prop_cases_stephensi","message","likelihood","mu0","Q0","chi","bites_Bed","bites_Indoors","delayMos","data_model_difference_1","data_model_difference_2","data_model_difference_3","data_model_difference_4","data_model_difference_5","data_model_difference_6","data_model_difference_7","data_model_difference_8","data_model_difference_9","data_model_difference_10","year1","year2","year3","year4","year5","year6","year7","year8","year9","year10"
200,72,1,"CONVERGENCE: REL_REDUCTION_OF_F <= FACTR*EPSMCH",95.1565421818838,0.116360391425469,0.396902375478181,0.550508707072586,0.53227178348729,0.549226504905319,10,-2359.24418034138,-422.755276355217,-87.5728870084758,2227.61426082601,27537.0931702996,31424.163371392,37741.9340162538,32126.674711026,17382.2686485734,25708.7485440139,0.00500048886812751,0.00500048886812751,0.00500048886812751,3.72170397058249,2.85330957474949,1.30342152253444,3.17297510000983,1.13825947203514,3.27496584931433,1.43471918460165
