"number_of_rows","row","prop_cases_stephensi","message","likelihood","mu0","Q0","chi","bites_Bed","bites_Indoors","delayMos","data_model_difference_1","data_model_difference_2","data_model_difference_3","data_model_difference_4","data_model_difference_5","data_model_difference_6","data_model_difference_7","data_model_difference_8","data_model_difference_9","data_model_difference_10","year1","year2","year3","year4","year5","year6","year7","year8","year9","year10"
200,75,1,"CONVERGENCE: REL_REDUCTION_OF_F <= FACTR*EPSMCH",97.058570661004,0.110992455080021,0.229517479975591,0.406915348467592,0.366868450873695,0.496514382610901,10,-1300.86116681201,-129.610865910086,-22.2413292099034,-1297.27755595008,-1303.34994882427,-80231.9098022198,-118215.140011016,-20990.7718747847,-73729.9062669221,-28226.1203667229,0.247180025702922,0.001,0.933695603986146,11.622351210051,3.72434098651737,4.2213409479891,4.12222972340469,2.0593809269323,4.09938999408701,1.29810529375914
