"number_of_rows","row","prop_cases_stephensi","message","likelihood","mu0","Q0","chi","bites_Bed","bites_Indoors","delayMos","data_model_difference_1","data_model_difference_2","data_model_difference_3","data_model_difference_4","data_model_difference_5","data_model_difference_6","data_model_difference_7","data_model_difference_8","data_model_difference_9","data_model_difference_10","year1","year2","year3","year4","year5","year6","year7","year8","year9","year10"
200,77,1,"CONVERGENCE: REL_REDUCTION_OF_F <= FACTR*EPSMCH",102.895308036843,0.104654004273087,0.240421324674157,0.606866542091011,0.448071302599888,0.402214607087204,10,-1555.67719095683,-166.32264355457,-29.3498102736094,-320.494382518837,-8334.87920117709,-15591.0733818658,-92081.5806224744,-183124.340170915,-53942.563935413,-23140.8095231051,0.643061110787069,0.00099999999999989,1.21730648650297,8.41436052038055,4.6060280986921,2.11209490810375,3.7654560840933,4.60795688308274,4.04169628943512,3.79864571575954
