"number_of_rows","row","prop_cases_stephensi","message","likelihood","mu0","Q0","chi","bites_Bed","bites_Indoors","delayMos","data_model_difference_1","data_model_difference_2","data_model_difference_3","data_model_difference_4","data_model_difference_5","data_model_difference_6","data_model_difference_7","data_model_difference_8","data_model_difference_9","data_model_difference_10","year1","year2","year3","year4","year5","year6","year7","year8","year9","year10"
200,78,1,"CONVERGENCE: REL_REDUCTION_OF_F <= FACTR*EPSMCH",99.6330031446039,0.143816073481576,0.342135448153131,0.589805121369718,0.50023086985749,0.399596647684074,10,-1078.03015723875,-160.540331288092,-28.2394400962679,-521.384470437814,-9333.60525325375,-14872.2064657178,-91518.0601795949,-179868.216994143,-51061.1070478645,-21915.827093416,0.00099999999999989,0.268130942354967,0.00570427516409441,6.9970672354209,3.49646583333282,3.86191416119961,3.89759762435908,2.98041574221236,4.23750923423578,3.81760260594257
