"number_of_rows","row","prop_cases_stephensi","message","likelihood","mu0","Q0","chi","bites_Bed","bites_Indoors","delayMos","data_model_difference_1","data_model_difference_2","data_model_difference_3","data_model_difference_4","data_model_difference_5","data_model_difference_6","data_model_difference_7","data_model_difference_8","data_model_difference_9","data_model_difference_10","year1","year2","year3","year4","year5","year6","year7","year8","year9","year10"
200,79,1,"CONVERGENCE: REL_REDUCTION_OF_F <= FACTR*EPSMCH",92.7046714426364,0.12764857342726,0.364384430341655,0.432347604960378,0.485817469050815,0.418776126196396,10,-1645.45213792971,-261.633454955171,-49.380499771521,-723.158196165798,-64732.4169469975,-98012.9738955993,-44985.3650078359,-40156.0484836333,-42538.7439335892,-60420.6262028812,0.00099999999999989,0.000999999999999973,0.0681676278640035,4.35710250005228,4.58593964106636,1.65513697264769,1.51469096189297,1.58064726613981,1.8092553703285,1.49206817567341
