"number_of_rows","row","prop_cases_stephensi","message","likelihood","mu0","Q0","chi","bites_Bed","bites_Indoors","delayMos","data_model_difference_1","data_model_difference_2","data_model_difference_3","data_model_difference_4","data_model_difference_5","data_model_difference_6","data_model_difference_7","data_model_difference_8","data_model_difference_9","data_model_difference_10","year1","year2","year3","year4","year5","year6","year7","year8","year9","year10"
200,83,1,"CONVERGENCE: REL_REDUCTION_OF_F <= FACTR*EPSMCH",140.435463233828,0.129266879609496,0.397297666716273,0.454523737043783,0.495778130150237,0.607999808139517,10,-1819.21359988037,-311.787189894381,-60.7303899958219,-3769.09708407514,9423.59722383792,-26802.6248619916,-41009.0280921892,-60893.324156958,-73610.7561601525,-105739.500811322,38.4178057503348,33.4609739661159,55.7102796210932,4.88480635748382,24.3100225941601,83.866680451379,90,90,90,0.648629913897103
