"number_of_rows","row","prop_cases_stephensi","message","likelihood","mu0","Q0","chi","bites_Bed","bites_Indoors","delayMos","data_model_difference_1","data_model_difference_2","data_model_difference_3","data_model_difference_4","data_model_difference_5","data_model_difference_6","data_model_difference_7","data_model_difference_8","data_model_difference_9","data_model_difference_10","year1","year2","year3","year4","year5","year6","year7","year8","year9","year10"
200,86,1,"CONVERGENCE: REL_REDUCTION_OF_F <= FACTR*EPSMCH",137.215715127161,0.131226082739376,0.32230556671205,0.494027338602173,0.494618597216483,0.409882017950446,10,-1282.58677976873,-181.176841508283,-32.3551407951705,-2139.03240512882,-34971.7669447382,-37906.840275615,-138957.45369513,-52262.158153918,-20155.6538566234,-17397.9273164593,30.0536246587853,30.0565966545202,30.0557644200342,10.1021827292409,6.43264854691963,30.2563434630151,32.3201531850276,30.0537489950629,30.0908470037909,30.4222591421347
