"number_of_rows","row","prop_cases_stephensi","message","likelihood","mu0","Q0","chi","bites_Bed","bites_Indoors","delayMos","data_model_difference_1","data_model_difference_2","data_model_difference_3","data_model_difference_4","data_model_difference_5","data_model_difference_6","data_model_difference_7","data_model_difference_8","data_model_difference_9","data_model_difference_10","year1","year2","year3","year4","year5","year6","year7","year8","year9","year10"
200,87,1,"CONVERGENCE: REL_REDUCTION_OF_F <= FACTR*EPSMCH",94.0033381452426,0.122328800327816,0.187127663813764,0.462972272256447,0.542724752162354,0.406772923804677,10,-855.227876708639,-65.4645706091605,-10.6323551372348,-237.323186533194,-11896.0236292463,-27102.4936405558,-51926.412797678,-29891.1981797428,-23366.9337812067,-20909.5952665583,0.100378277707272,0.0998967733263026,0.100678079895658,22.4002273863836,10.6002780232224,4.00047226943205,7.1003019304756,3.25048599427968,3.75039684353067,4.25027504241832
