"number_of_rows","row","prop_cases_stephensi","message","likelihood","mu0","Q0","chi","bites_Bed","bites_Indoors","delayMos","data_model_difference_1","data_model_difference_2","data_model_difference_3","data_model_difference_4","data_model_difference_5","data_model_difference_6","data_model_difference_7","data_model_difference_8","data_model_difference_9","data_model_difference_10","year1","year2","year3","year4","year5","year6","year7","year8","year9","year10"
200,89,1,"CONVERGENCE: REL_REDUCTION_OF_F <= FACTR*EPSMCH",93.4547645942979,0.115629974113453,0.149209203000763,0.506148827736033,0.39886599520292,0.630769106751568,10,-845.168940218158,-46.5073557696195,-7.42031894065423,-423.4372327601,-8005.01494580305,-4883.19541200962,-29152.639078967,-6279.04286154113,-20707.7493301751,-33276.6690706621,0.100183264268659,0.100118885625247,0.10006901708916,33.1997913425417,14.1999258885939,4.00014917410508,10.6999529130509,3.25008258258459,7.349983049343,7.84996701524419
