"number_of_rows","row","prop_cases_stephensi","message","likelihood","mu0","Q0","chi","bites_Bed","bites_Indoors","delayMos","data_model_difference_1","data_model_difference_2","data_model_difference_3","data_model_difference_4","data_model_difference_5","data_model_difference_6","data_model_difference_7","data_model_difference_8","data_model_difference_9","data_model_difference_10","year1","year2","year3","year4","year5","year6","year7","year8","year9","year10"
200,8,1,"CONVERGENCE: REL_REDUCTION_OF_F <= FACTR*EPSMCH",135.410125674124,0.109270670801434,0.262446963602211,0.604953552477236,0.584982505704135,0.622267298041751,10,-1554.94296766372,-182.738751197481,-32.6488213279162,-1753.49529418138,-30669.8111097048,-35840.9123033075,-134244.125724869,-52237.3340377806,-19916.135775783,-17029.8694556579,14.756824628383,10.1461328528147,19.5695427758614,8.53831335541223,11.5780124094754,22.4051760473058,11.3171184260516,22.6858836555668,89.9767437257035,0.639244321620003
