"number_of_rows","row","prop_cases_stephensi","message","likelihood","mu0","Q0","chi","bites_Bed","bites_Indoors","delayMos","data_model_difference_1","data_model_difference_2","data_model_difference_3","data_model_difference_4","data_model_difference_5","data_model_difference_6","data_model_difference_7","data_model_difference_8","data_model_difference_9","data_model_difference_10","year1","year2","year3","year4","year5","year6","year7","year8","year9","year10"
200,90,1,"CONVERGENCE: REL_REDUCTION_OF_F <= FACTR*EPSMCH",134.901332855735,0.107112552827892,0.257135281475377,0.451989592156024,0.583281107712835,0.436343586894595,10,-1589.24334762613,-183.260696112151,-32.742494046778,-1739.24254469887,-30654.3752783765,-35997.3299808021,-134458.196270611,-52506.6455731717,-20031.8253465599,-17145.0638955754,11.6267088613109,10.4835829063545,7.68168716279625,12.0197499306856,13.7096349819405,19.0653306574912,11.146930187787,22.2854298950557,90,0.638744062480032
