"number_of_rows","row","prop_cases_stephensi","message","likelihood","mu0","Q0","chi","bites_Bed","bites_Indoors","delayMos","data_model_difference_1","data_model_difference_2","data_model_difference_3","data_model_difference_4","data_model_difference_5","data_model_difference_6","data_model_difference_7","data_model_difference_8","data_model_difference_9","data_model_difference_10","year1","year2","year3","year4","year5","year6","year7","year8","year9","year10"
200,92,1,"CONVERGENCE: REL_REDUCTION_OF_F <= FACTR*EPSMCH",91.5828670239053,0.125719179369168,0.315841075154371,0.46038334399811,0.577182494066369,0.581317846946752,10,-1396.17360400159,-194.449589019827,-35.0536345053684,1873.84769237874,6437.54157936656,-14918.7900999569,9888.22999875461,11012.0781536206,1119.49572754384,25359.9421902474,0.001,0.001,0.0351149768905252,7.84667520598746,6.78173533442167,0.257309504186969,3.31481137147185,2.79803950103044,3.4424147810815,1.66359808541912
