"number_of_rows","row","prop_cases_stephensi","message","likelihood","mu0","Q0","chi","bites_Bed","bites_Indoors","delayMos","data_model_difference_1","data_model_difference_2","data_model_difference_3","data_model_difference_4","data_model_difference_5","data_model_difference_6","data_model_difference_7","data_model_difference_8","data_model_difference_9","data_model_difference_10","year1","year2","year3","year4","year5","year6","year7","year8","year9","year10"
200,93,1,"CONVERGENCE: REL_REDUCTION_OF_F <= FACTR*EPSMCH",94.4127599246138,0.113138894065122,0.151327106931945,0.621025158430566,0.532567767002346,0.483536666619479,10,-898.396448765831,-50.4195172636227,-8.07429355629342,-45.9457523938108,-10380.5408860558,-11036.9674764355,-9740.49472039114,-32057.0210440827,-14556.7840901147,-2375.85944766925,0.107514126985009,0.0988661131510771,0.106716722194552,29.6041710789811,14.2037276986395,4.00593799638398,7.10748519770246,6.85548490522318,3.7601216898789,4.25621363247261
