"number_of_rows","row","prop_cases_stephensi","message","likelihood","mu0","Q0","chi","bites_Bed","bites_Indoors","delayMos","data_model_difference_1","data_model_difference_2","data_model_difference_3","data_model_difference_4","data_model_difference_5","data_model_difference_6","data_model_difference_7","data_model_difference_8","data_model_difference_9","data_model_difference_10","year1","year2","year3","year4","year5","year6","year7","year8","year9","year10"
200,94,1,"CONVERGENCE: REL_REDUCTION_OF_F <= FACTR*EPSMCH",138.805337050223,0.10196201413832,0.299160501460079,0.42271681505983,0.476994891514004,0.56065662350948,10,-2121.97182925799,-297.77913393592,-57.3987590292581,-2079.69630718474,-107345.637017057,-136286.730353127,-65029.6545070505,-55375.7225566911,-56353.2332319447,-77641.3954467525,33.3797574616341,64.652134207703,65.074321819376,40.6405566506702,39.1163249508357,89.1652480760724,89.6813881393795,89.3747626428596,1.66228010245041,5.31327959022882
