"number_of_rows","row","prop_cases_stephensi","message","likelihood","mu0","Q0","chi","bites_Bed","bites_Indoors","delayMos","data_model_difference_1","data_model_difference_2","data_model_difference_3","data_model_difference_4","data_model_difference_5","data_model_difference_6","data_model_difference_7","data_model_difference_8","data_model_difference_9","data_model_difference_10","year1","year2","year3","year4","year5","year6","year7","year8","year9","year10"
200,96,1,"CONVERGENCE: REL_REDUCTION_OF_F <= FACTR*EPSMCH",137.421613301769,0.102765467846518,0.283571315882844,0.62146261034999,0.391908536224998,0.451343563401138,10,-1950.98661081604,-256.254990134033,-48.1303791067794,-46.5847932494694,-46316.7717644716,-83716.1638197824,-38026.4070218019,-35202.0263147436,-38198.0432201996,-54729.1299646885,89.9386462828813,89.7629616229926,89.7580949023781,7.38203754359637,89.6719648416129,90,90,89.9341646456925,1.92864049414929,4.93645976992169
