"number_of_rows","row","prop_cases_stephensi","message","likelihood","mu0","Q0","chi","bites_Bed","bites_Indoors","delayMos","data_model_difference_1","data_model_difference_2","data_model_difference_3","data_model_difference_4","data_model_difference_5","data_model_difference_6","data_model_difference_7","data_model_difference_8","data_model_difference_9","data_model_difference_10","year1","year2","year3","year4","year5","year6","year7","year8","year9","year10"
200,99,1,"ERROR: ABNORMAL_TERMINATION_IN_LNSRCH",103.404428215237,0.140353562675385,0.330899453173392,0.481868389867304,0.460460122455386,0.601673010844912,10,-1103.09916036134,-159.410299698955,-28.0204506377982,-391.887255821517,-7570.9747647695,-13274.6744762262,-87828.251510147,-176355.519188448,-50187.0326680652,-21266.2207072739,0.00099999999999989,0.00367522335891745,3.05819799265684,9.98491302130216,5.95983833668642,6.59694869203188,4.94031028894814,4.52803282643125,4.8376908816972,5.32375258883493
