"number_of_rows","row","prop_cases_stephensi","message","likelihood","mu0","Q0","chi","bites_Bed","bites_Indoors","delayMos","data_model_difference_1","data_model_difference_2","data_model_difference_3","data_model_difference_4","data_model_difference_5","data_model_difference_6","data_model_difference_7","data_model_difference_8","data_model_difference_9","data_model_difference_10","year1","year2","year3","year4","year5","year6","year7","year8","year9","year10"
200,9,1,"CONVERGENCE: REL_REDUCTION_OF_F <= FACTR*EPSMCH",136.386487221134,0.141282338498482,0.349098949945183,0.425169380973966,0.517149577654464,0.404131702848023,10,-1170.16930400792,-176.936931509876,-31.508140774802,-1927.29442787,-30922.6034511557,-34098.2352736271,-131811.919043796,-49203.7671197402,-18603.2842077924,-15787.3105910246,11.5917444082579,17.3349916416092,18.4846700849611,9.57757796676173,12.0098139146032,25.0289543041881,13.005939764572,89.990668715119,89.9902961553499,0.637613628673051
